vic,114,88,TRENERRY CR,,,ABBOTSFORD,3067,UN,Passed In,,22/04/2017,,Jellis Craig - Richmond,2,2,
vic,,50,KERFERD RD,,,ALBERT PARK,3206,HO,Vendor Bid,2100000,22/04/2017,,CAYZER REAL ESTATE PTY LTD,3,1,1
vic,3,8,RAYNER ST,,,ALTONA,3018,UN,Sold At Auction,597500,22/04/2017,,HOCKINGSTUART ALTONA,2,1,2
vic,,17,CHERRY AV,,,ALTONA NORTH,3025,HO,Sold Prior To Auction,870000,22/04/2017,,HOCKINGSTUART WILLIAMSTOWN,3,1,3
vic,,20,MCLAUGHLIN ST,,,ARDEER,3022,HO,Sold At Auction,645000,22/04/2017,,Barry Plant sunshine,3,1,
vic,8,16,WATTLETREE RD,,,ARMADALE,3143,UN,Sold At Auction,690000,22/04/2017,,Jellis Craig Armadale,2,1,2
vic,1,5,THE TERRACE,,,ARMADALE,3143,UN,Sold At Auction,852000,22/04/2017,,WOODARDS ELSTERNWICK,2,1,1
vic,7,7,WATTLETREE RD,,,ARMADALE,3143,UN,Sold At Auction,Undisclosed,22/04/2017,,Jellis Craig  - Armadale,2,1,
vic,4,10,ST GEORGES RD,,,ARMADALE,3143,UN,Sold At Auction,1005000,22/04/2017,,Kay & Burton South Yarra,3,2,2
vic,1B,33,FISHER PDE,,,ASCOT VALE,3032,UN,Sold At Auction,871000,22/04/2017,,Rendina Real Estate Kensington,2,2,1
vic,,24,BAIRD ST,,,ASHBURTON,3147,HO,Sold At Auction,1912500,22/04/2017,,Jellis Craig Real Estate Glen Iris,3,2,2
vic,2,444,WARRIGAL RD,,,ASHBURTON,3147,UN,Sold Prior To Auction,460000,22/04/2017,,Fletchers Blackburn,2,1,1
vic,,124,HIGH STREET RD,,,ASHWOOD,3147,HO,Sold At Auction,1212000,22/04/2017,,Buxton Ashburton,3,1,2
vic,,17,DOLPHIN ST,,,ASPENDALE,3195,HO,Sold At Auction,1285000,22/04/2017,,Hocking Stuart Mentone,4,2,
vic,,4A,NIRRINGA AV,,,ASPENDALE,3195,HO,Sold At Auction,1150000,22/04/2017,,BARRY PLANT,4,2,2
vic,,30,CLARENDON ST,,,AVONDALE HEIGHTS,3034,HO,Sold At Auction,Undisclosed,22/04/2017,,Moonee Valley Real Estate,3,1,1
vic,,23,LANGHAM ST,,,AVONDALE HEIGHTS,3034,HO,Sold At Auction,690000,22/04/2017,,Nelson Alexander Real Estate,3,2,
vic,4,20,CARLISLE AV,,,BALACLAVA,3183,UN,Sold At Auction,695000,22/04/2017,,MARSHALL WHITE ONE,2,1,1
vic,,12,POWER ST,,,BALWYN,3103,HO,Passed In,,22/04/2017,,Fletchers Real Estate,3,1,
vic,,27A,YERRIN ST,,,BALWYN,3103,UN,Sold At Auction,1680000,22/04/2017,,Fletchers Real Estate,3,3,
vic,,48,LONGVIEW RD,,,BALWYN NORTH,3104,HO,Sold At Auction,Undisclosed,22/04/2017,,Noel Jones Real Estate Balwyn,5,3,2
vic,,3,FRANK ST,,,BALWYN NORTH,3104,HO,Sold Prior To Auction,Undisclosed,22/04/2017,,HOCKINGSTUART BALWYN & HAWTHORN,5,3,3
vic,,9,EDINBURGH RD,,,BAYSWATER,3153,HO,Sold At Auction,778000,19/04/2017,,HARCOURTS - TORRENSVILLE,3,2,4
vic,1,8,ASHBY CT,,,BAYSWATER,3153,UN,Sold At Auction,440000,22/04/2017,,K R Peters Real Estate,2,1,
vic,1,11,WILTSHIRE AV,,,BAYSWATER,3153,HO,Sold At Auction,725000,22/04/2017,,Appleby Real Estate -  Bayswater,3,2,
vic,,5B,FAIRBRAE AV,,,BELMONT,3216,HO,Sold Prior To Auction,Undisclosed,22/04/2017,,Whitford Property Newtown,3,1,1
vic,,24A,ACACIA ST,,,BENDIGO,3550,HO,Vendor Bid,450000,22/04/2017,,Gavin Butler Real Estate,3,1,1
vic,8,28,CLAIRMONT AV,,,BENTLEIGH,3204,UN,Sold At Auction,782000,22/04/2017,,Buxton Real Estate Bentleigh,3,2,2
vic,,6B,HOWELL ST,,,BENTLEIGH,3204,UN,Sold At Auction,845000,22/04/2017,,Woodards Real Estate Bentleigh,3,1,2
vic,,8,PLYM ST,,,BENTLEIGH,3204,LA,Sold At Auction,1107000,22/04/2017,,Woodards Real Estate Bentleigh,,,
vic,2,23,WHITMUIR RD,,,BENTLEIGH,3204,UN,Sold At Auction,641500,22/04/2017,,HOCKINGSTUART BENTLEIGH,3,1,1
vic,2,6,RICHARD ST,,,BENTLEIGH EAST,3165,UN,Sold Prior To Auction,882501,22/04/2017,,Buxton Real Estate Bentleigh,3,2,2
vic,1,5,LOIS CT,,,BENTLEIGH EAST,3165,UN,Passed In,,22/04/2017,,HOCKINGSTUART BENTLEIGH,3,1,2
vic,,54,BRISBANE ST,,,BERWICK,3806,HO,Sold Prior To Auction,Undisclosed,22/04/2017,,BARRY PLANT BERWICK,3,1,1
vic,6,45,BLUFF RD,,,BLACK ROCK,3193,UN,Sold Prior To Auction,Undisclosed,22/04/2017,,CHISHOLM & GAMON PROPERTY BLACK ROCK PTY LTD,3,2,2
vic,,18,PARAMOUNT AV,,,BLACKBURN SOUTH,3130,HO,Sold At Auction,2700000,22/04/2017,,JY PROPERTY,4,3,
vic,1,1,DAROOK ST,,,BLACKBURN SOUTH,3130,UN,Sold At Auction,1031000,22/04/2017,,Woodards Real Estate Blackburn,3,2,2
vic,6,2A,NEWBERRY AV,,,BONBEACH,3196,UN,Sold At Auction,570000,22/04/2017,,HOCKINGSTUART CHELSEA (SALES),2,2,2
vic,,344,BORONIA RD,,,BORONIA,3155,HO,Sold At Auction,775000,22/04/2017,,Benchmark Real Estate,4,2,4
vic,,11,HOWARD ST,,,BOX HILL,3128,HO,Sold At Auction,2080000,22/04/2017,,Buxton Box Hill,3,2,2
vic,,10,SEDGE CL,,,BRAYBROOK,3019,HO,Sold At Auction,1000000,22/04/2017,,NELSON ALEXANDER - KEILOR EAST,4,3,
vic,13,25,MARNOO ST,,,BRAYBROOK,3019,UN,Sold Prior To Auction,441700,22/04/2017,,Barry Plant sunshine,3,2,1
vic,,141,KARINGAL DR,,,BRIAR HILL,3088,HO,Sold At Auction,835000,22/04/2017,,Barry Plant Eltham,3,1,
vic,1,30,BOYCE AV,,,BRIAR HILL,3088,UN,Vendor Bid,660000,22/04/2017,,Buckingham & Co Estate Agents,2,2,
vic,3,12,WELLINGTON ST,,,BRIGHTON,3186,UN,Sold At Auction,1221000,22/04/2017,,Nick Johnstone Real Estate - Brighton,3,2,
vic,,43,BLACK ST,,,BRIGHTON,3186,HO,Sold At Auction,Undisclosed,22/04/2017,,Buxton Real Estate,4,2,
vic,,5,BLAIRGOWRIE CT,,,BRIGHTON,3186,HO,Passed In,,22/04/2017,,Biggin & Scott Real Estate Brighton,3,2,4
vic,,56,ASLING ST,,,BRIGHTON,3186,HO,Sold At Auction,1990000,22/04/2017,,Buxton Real Estate Brighton,3,2,
vic,1,250,ESPLANADE,,,BRIGHTON,3186,UN,Sold Prior To Auction,1850000,22/04/2017,,Nick Johnstone Real Estate - Brighton,3,2,
VIC,,19B,Brickwood,St,,Brighton,3186,UN,Passed In,,22/04/2017,,Marshall White & Company,4,,
vic,,6,CORONATION ST,,,BRIGHTON EAST,3187,HO,Sold At Auction,1640000,22/04/2017,,Hodges Real Estate Brighton,3,1,1
vic,,46,GLENCAIRN AV,,,BRIGHTON EAST,3187,HO,Sold At Auction,2303000,22/04/2017,,Buxton Real Estate Brighton,2,1,
VIC,,171,Dendy,St,,Brighton East,3187,HO,Sold At Auction,1787000,22/04/2017,,Hodges,4,,
vic,,59,WARANGA CR,,,BROADMEADOWS,3047,HO,Sold Prior To Auction,501000,22/04/2017,,Barry Plant Glenroy,3,2,
vic,,6,MILLERS RD,,,BROOKLYN,3012,HO,Sold At Auction,1005000,22/04/2017,,HOCKINGSTUART ALTONA,2,1,2
vic,,286,BARKLY ST,,,BRUNSWICK,3056,CO,Sold At Auction,1200000,22/04/2017,,Barry Plant Brunswick,,,
vic,,68,GOLD ST,,,BRUNSWICK,3056,HO,Sold At Auction,1075000,22/04/2017,,Nelson Alexander Real Estate Brunswick,3,1,
vic,2,139,UNION ST,,,BRUNSWICK,3056,UN,Vendor Bid,480000,22/04/2017,,brad teal brunswick,2,1,1
vic,1,135,BRUNSWICK RD,,,BRUNSWICK,3056,UN,Passed In,,22/04/2017,,,2,1,1
VIC,,64,Tinning,St,,Brunswick,3056,HO,Sold Prior To Auction,957000,22/04/2017,,Hockingstuart,3,,
VIC,8,380,Lygon,St,,Brunswick,3056,UN,Sold At Auction,530000,22/04/2017,,Hockingstuart,2,,
VIC,,13,Goodman,St,,Brunswick,3056,HO,Sold Prior To Auction,884400,18/02/2017,,Jellis Craig,2,,
vic,,7,WEIGALL ST,,,BRUNSWICK EAST,3057,HO,Sold At Auction,1500000,22/04/2017,,JELLIS CRAIG BRUNSWICK,3,1,1
vic,322,92,ALBERT ST,,,BRUNSWICK EAST,3057,UN,Sold At Auction,525000,22/04/2017,,Jellis Craig - Kensington,2,2,1
vic,6,10,FITZGIBBON AV,,,BRUNSWICK WEST,3055,UN,Sold At Auction,Undisclosed,22/04/2017,,Walshe and Whitelock Brunswick,2,1,1
vic,,5,ENGLAND ST,,,BULLEEN,3105,HO,Sold At Auction,Undisclosed,22/04/2017,,Barry Plant Doncaster East,4,1,2
vic,,25,GRANT OLSON AV,,,BULLEEN,3105,HO,Sold At Auction,Undisclosed,22/04/2017,,Barry Plant Doncaster East,4,3,2
vic,,10,MAROONDAH TCE,,,BUNDOORA,3083,HO,Sold At Auction,685000,22/04/2017,,Love Real Estate - Mill Park,3,1,
vic,,3,LATROBE AV,,,BUNDOORA,3083,HO,Sold At Auction,655000,22/04/2017,,Barry Plant Bundoora,3,1,1
vic,,40,GRANGE BVD,,,BUNDOORA,3083,HO,Sold At Auction,820000,22/04/2017,,Ray White Real Estate South Morang,3,2,2
vic,,21,WINDMILL ST,,,BUNDOORA,3083,HO,Sold At Auction,831000,22/04/2017,,Barry Plant Bundoora,4,2,2
vic,,56,CAMERON PDE,,,BUNDOORA,3083,HO,Sold Prior To Auction,640000,22/04/2017,,Stockdale & Leggo Bundoora,3,1,2
vic,,10,ELLE CL,,,BUNDOORA,3083,HO,Passed In,,22/04/2017,,Barry Plant Bundoora,6,6,
vic,,10,DENDARYL DR,,,BUNDOORA,3083,HO,Sold At Auction,770000,22/04/2017,,Darren Jones Real Estate,4,3,1
vic,,34,MILTON PDE,,,BUNDOORA,3083,HO,Sold At Auction,828000,22/04/2017,,Barry Plant Bundoora,3,1,1
vic,,94,NICKSON ST,,,BUNDOORA,3083,UN,Sold At Auction,646000,22/04/2017,,Ray White Bundoora,3,2,1
vic,,30,SUGAR GUM DR,,,BUNDOORA,3083,HO,Sold Prior To Auction,Undisclosed,22/04/2017,,Ray White Bundoora,4,2,2
vic,,1,WENTWORTH LA,,,BURNSIDE HEIGHTS,3023,HO,Sold At Auction,450000,21/04/2017,,One Agency Sunbury Region - SUNBURY,2,1,
vic,,1A,WORRALL ST,,,BURWOOD,3125,HO,Sold At Auction,902000,22/04/2017,,Woodards Real Estate Blackburn,3,2,
vic,,1,LEONARD ST,,,BURWOOD,3125,HO,Sold At Auction,Undisclosed,22/04/2017,,BUXTON CAMBERWELL,3,1,1
vic,3,3,TALBETT ST,,,BURWOOD,3125,UN,Sold At Auction,1200000,22/04/2017,,BUXTON CAMBERWELL,4,3,2
vic,,9,INGA ST,,,BURWOOD EAST,3151,HO,Sold At Auction,1270000,22/04/2017,,Barry Plant Blackburn,4,2,2
vic,,44,MOREY ST,,,CAMBERWELL,3124,HO,Passed In,,22/04/2017,,Marshall White Boroondara,4,2,2
vic,11,108,ELGIN ST,,,CARLTON,3053,UN,Sold At Auction,995000,22/04/2017,,Woodards,2,2,1
vic,,32,PRINCES ST,,,CARLTON NORTH,3054,HO,Passed In,,22/04/2017,,CRAIG PATTERSON REAL ESTATE PTY. LTD,3,1,
vic,12,869,DRUMMOND ST,,,CARLTON NORTH,3053,UN,Vendor Bid,550000,22/04/2017,,McGrath - Northcote,2,1,1
vic,,62,MORGAN ST,,,CARNEGIE,3163,HO,Sold At Auction,1455000,22/04/2017,,Ray White Carnegie,3,1,3
vic,4,5,GNARWYN RD,,,CARNEGIE,3163,UN,Sold At Auction,330000,22/04/2017,,Ray White Carnegie,1,1,1
vic,9,13,MAROONA RD,,,CARNEGIE,3163,UN,Passed In,,22/04/2017,,Buxton Real Estate Bentleigh,2,2,
vic,,6,STREETON AV,,,CAROLINE SPRINGS,3023,HO,Sold At Auction,460000,22/04/2017,,Barry Plant Taylors Lakes,3,1,
vic,,70,LAWSON WAY,,,CAROLINE SPRINGS,3023,HO,Sold Prior To Auction,725000,22/04/2017,,PROFESSIONALS - CAROLINE SPRINGS,4,3,2
vic,,13,BOATHOUSE DR,,,CAROLINE SPRINGS,3023,HO,Passed In,,22/04/2017,,BORAN SUNSHINE,4,4,
vic,,9,POPPY PL,,,CARRUM DOWNS,3201,HO,Sold At Auction,456000,22/04/2017,,Harcourts - Warragul,3,2,2
vic,,2,ELLA GV,,,CHELSEA,3196,HO,Sold At Auction,996500,22/04/2017,,EVIEW GROUP CHELSEA,3,1,5
vic,,48,WOODBINE GV,,,CHELSEA,3196,HO,Sold Prior To Auction,Undisclosed,22/04/2017,,EVIEW GROUP CHELSEA,4,2,3
vic,,76,HUGHES AV,,,CHELSEA,3196,HO,Sold Prior To Auction,905000,22/04/2017,,iSell group - Springvale,4,2,
vic,,44A,CHELSEA RD,,,CHELSEA,3196,UN,Sold Prior To Auction,968000,22/04/2017,,EVIEW GROUP CHELSEA,3,2,2
vic,1,142,WEATHERALL RD,,,CHELTENHAM,3192,HO,Passed In,,22/04/2017,,O'BRIEN MENTONE,3,2,
vic,,23,JACARANDA AV,,,CHELTENHAM,3192,HO,Sold At Auction,Undisclosed,22/04/2017,,BARRY PLANT MORDIALLOC,3,1,2
vic,2,41,BERNARD ST,,,CHELTENHAM,3192,UN,Sold At Auction,742000,22/04/2017,,BARRY PLANT MORDIALLOC,3,2,2
vic,,240,WARRIGAL RD,,,CHELTENHAM,3192,HO,Sold At Auction,795000,22/04/2017,,GREG HOCKING POULIOS,4,2,2
vic,4,30,GARFIELD ST,,,CHELTENHAM,3192,UN,Sold At Auction,547000,22/04/2017,,Greg Hocking Poulios - Cheltenham,2,2,
vic,,18,CAVANAGH ST,,,CHELTENHAM,3192,HO,Passed In,,22/04/2017,,Buxton Real Estate Hampton East,5,3,3
vic,,9,SADDLEBACK RDG,,,CHIRNSIDE PARK,3116,HO,Sold At Auction,786000,22/04/2017,,McGrath Estate Agents ,5,2,2
vic,,14,BROADCHAPEL PL,,,CLARINDA,3169,HO,Passed In,,22/04/2017,,Ray White Oakleigh,3,2,1
vic,,35,RALEIGH ST,,,CLARINDA,3169,HO,Sold At Auction,1225000,22/04/2017,,century 21 property group,3,1,2
vic,,10,ORLOFF CL,,,CLAYTON SOUTH,3169,HO,Sold At Auction,760000,22/04/2017,,Buxton Oakleigh,3,2,1
vic,,47,RITCHIE RD,,,COBRAM,3644,LA,Sold At Auction,277000,22/04/2017,,ANDREW JENKINS REAL ESTATE,,,
vic,,19,SPRING ST,,,COBURG,3058,HO,Sold Prior To Auction,Undisclosed,22/04/2017,,Ray White Coburg,4,2,1
VIC,,98,The Grove,,,Coburg,3058,HO,Vendor Bid,1400000,22/04/2017,,Philip Giaracca & Company Brunswick,4,,
vic,3,24,MASHOOBRA ST,,,COBURG NORTH,3058,UN,Passed In,,22/04/2017,,ROSIN SMYTH AND PARTNERS PTY LTD,2,1,1
vic,,17A,SHORTS RD,,,COBURG NORTH,3058,UN,Sold At Auction,801000,22/04/2017,,Barry Plant Coburg,3,2,
vic,,20,HILL ST,,,COLAC,3250,HO,Sold At Auction,132000,22/04/2017,,Charles Stewart Real Estate Colac,1,1,1
vic,2,18,ISLINGTON ST,,,COLLINGWOOD,3066,UN,Sold Prior To Auction,1000000,22/04/2017,,Caine Real Estate - EAST MELBOURNE,3,2,2
vic,102,6,MATER ST,,,COLLINGWOOD,3066,UN,Vendor Bid,500000,22/04/2017,,Nelson Alexander Fitzroy,2,2,1
vic,,1,BREWERY LA,,,COLLINGWOOD,3066,HO,Sold At Auction,1075000,22/04/2017,,Jellis Craig Real Estate,2,2,2
vic,,26,DEARBORN PDE,,,CORIO,3214,HO,Sold Prior To Auction,258000,22/04/2017,,Ray White Lara,3,1,1
vic,,3,EALING CL,,,CRAIGIEBURN,3064,HO,Sold At Auction,447000,22/04/2017,,HARCOURTS PINNACLE,4,2,4
vic,,90,LANGDON CR,,,CRAIGIEBURN,3064,HO,Sold At Auction,477000,22/04/2017,,Ray White Real Estate Craigieburn,5,2,2
vic,,24,FOXGLOVE LA,,,CRAIGIEBURN,3064,HO,Sold Prior To Auction,424000,22/04/2017,,Jason Craigieburn,3,2,
vic,,71,WATTLEGLEN ST,,,CRAIGIEBURN,3064,HO,Sold Prior To Auction,445000,22/04/2017,,Barry Plant Craigieburn,3,1,2
vic,,9,BEECHVILLE PL,,,CRAIGIEBURN,3064,HO,Sold At Auction,410000,22/04/2017,,Ray White Real Estate Craigieburn,3,1,1
vic,,8,OTTERY CT,,,CRAIGIEBURN,3064,HO,Sold At Auction,425000,22/04/2017,,Ray White Real Estate Craigieburn,3,1,
vic,,10,LEWISHAM PL,,,CRAIGIEBURN,3064,HO,Sold At Auction,435000,22/04/2017,,Raine and Horne Roxburgh Park,3,2,
vic,,127,HUNTINGTON DR,,,CRAIGIEBURN,3064,HO,Sold At Auction,Undisclosed,22/04/2017,,Barry Plant Craigieburn,3,2,2
vic,,4,HONOUR ST,,,CRAIGIEBURN,3064,HO,Sold At Auction,660000,22/04/2017,,L J Hooker Real Estate Craigieburn,4,2,
vic,,41,GROVETON ST,,,CRAIGIEBURN,3064,HO,Sold At Auction,496000,22/04/2017,,Barry Plant Craigieburn,4,2,2
vic,,15,FAME WAY,,,CRAIGIEBURN,3064,HO,Passed In,,22/04/2017,,L J Hooker Real Estate Craigieburn,4,2,
vic,3,19,JAMES RD,,,CROYDON,3136,UN,Sold At Auction,705000,22/04/2017,,FLETCHERS MAROONDAH,3,2,2
vic,9,19,JACKSON ST,,,CROYDON,3136,UN,Sold At Auction,436000,22/04/2017,,Barry Plant Croydon,2,1,
vic,,12,LE GREW ST,,,CROYDON,3136,HO,Passed In,,22/04/2017,,BARRY PLANT CROYDON,4,2,
vic,1,338,MT DANDENONG RD,,,CROYDON,3136,UN,Sold At Auction,Undisclosed,22/04/2017,,MCGRATH CROYDON,3,2,2
VIC,,1,Gary,Ct,,Croydon,3136,HO,Sold At Auction,605000,22/04/2017,,Philip Webb,3,,
vic,,27,THURLEIGH AV,,,CROYDON SOUTH,3136,HO,Sold At Auction,795000,22/04/2017,,NOEL JONES RINGWOOD,4,2,
vic,,53,KING ST,,,DANDENONG,3175,HO,Passed In,,22/04/2017,,Del Real Estate,3,1,1
vic,,36,KAIMAS WAY,,,DANDENONG,3175,HO,Passed In,,22/04/2017,,Barry Plant Keysborough,5,3,2
vic,1,25,MACPHERSON ST,,,DANDENONG,3175,UN,Sold Prior To Auction,Undisclosed,22/04/2017,,mclennan real estate pty ltd,2,1,3
vic,,1,IAN AV,,,DANDENONG NORTH,3175,HO,Sold At Auction,670000,22/04/2017,,Barry Plant Keysborough,3,1,2
vic,,2,VICTORIA CT,,,DANDENONG NORTH,3175,HO,Sold At Auction,581000,22/04/2017,,McLennan Real Estate Dandenong,3,,2
vic,,27,RIDDER CT,,,DINGLEY VILLAGE,3172,HO,Sold At Auction,630000,22/04/2017,,EVIEW GROUP,3,1,4
vic,505,2,NEWQUAY PRM,,,DOCKLANDS,3008,UN,Sold At Auction,679000,22/04/2017,,barry plant docklands,2,2,1
vic,4,2,PAUL ST,,,DONCASTER,3108,UN,Sold At Auction,Undisclosed,22/04/2017,,Barry Plant Doncaster East,3,3,2
vic,4,176,AYR ST,,,DONCASTER,3108,UN,Sold At Auction,1302000,22/04/2017,,RAY WHITE MANNINGHAM,2,1,1
vic,,34,CANOPUS DR,,,DONCASTER EAST,3109,HO,Sold At Auction,1640000,22/04/2017,,Barry Plant Doncaster East,5,2,2
vic,,26,DEHNERT ST,,,DONCASTER EAST,3109,HO,Sold At Auction,1500000,22/04/2017,,JELLIS CRAIG DONCASTER,3,2,2
vic,4,3,BOWEN RD,,,DONCASTER EAST,3109,UN,Sold At Auction,680000,22/04/2017,,JELLIS CRAIG DONCASTER,2,1,1
vic,,3,GREVILLEA RD,,,DONCASTER EAST,3109,HO,Sold At Auction,1488000,22/04/2017,,JELLIS CRAIG DONCASTER,4,2,3
vic,,66,TIDCOMBE CR,,,DONCASTER EAST,3109,HO,Vendor Bid,1350000,22/04/2017,,JELLIS CRAIG DONCASTER,4,2,2
vic,,5,STEORRA MWS,,,DONCASTER EAST,3109,HO,Sold At Auction,Undisclosed,22/04/2017,,Barry Plant Doncaster East,5,3,2
vic,3,13,KENNON ST,,,DONCASTER EAST,3109,UN,Sold Prior To Auction,1000000,22/04/2017,,RAY WHITE MANNINGHAM,4,3,2
vic,,128,PAPERBARK ST,,,DOVETON,3177,HO,Sold Prior To Auction,Undisclosed,22/04/2017,,Stockdale & Leggo Dandenong,3,1,1
vic,,42,FRANCIS ST,,,DROMANA,3936,HO,Vendor Bid,980000,22/04/2017,,M J Ross Real Estate Dromana,3,2,
vic,,42,LAMPARD RD,,,DROUIN,3818,HO,Sold At Auction,211000,22/04/2017,,John Kerr & Associates Real Estate Pty Ltd - Moe,3,1,
VIC,,64,Victoria,St,,Eaglehawk,3556,HO,Vendor Bid,220000,22/04/2017,,Tweed Sutherland First National,2,,
vic,,396,RYRIE ST,,,EAST GEELONG,3219,HO,Sold At Auction,520000,22/04/2017,,NEWFANGLE NEWTOWN,3,1,2
vic,2,20,MURRAY ST,,,ECHUCA,3564,UN,Sold At Auction,250000,22/04/2017,,Charles L King & Company Echuca,2,1,1
vic,,96,ANDERSON RD,,,ECHUCA SOUTH,3564,HO,Sold Prior To Auction,Undisclosed,22/04/2017,,Charles L King & Company Echuca,4,2,2
vic,,71,HUGHES AV,,,EDITHVALE,3196,HO,Sold At Auction,1135000,22/04/2017,,Harcourts Real Estate,4,2,
VIC,,53,Tudor,Ct,,Edithvale,3196,HO,Sold At Auction,620000,22/04/2017,,Buxton,2,,
vic,,16,ALEXANDRA AV,,,ELSTERNWICK,3185,HO,Sold At Auction,1800000,22/04/2017,,Biggin & Scott Real Estate Elsternwick,3,2,1
vic,1,1364,MAIN RD,,,ELTHAM,3095,UN,Sold At Auction,730000,22/04/2017,,Buckingham & Company Estate Agents - Diamond Valley,3,2,
vic,,92,PITT ST,,,ELTHAM,3095,HO,Passed In,,22/04/2017,,Buckingham & Company Estate Agents Greensborough,2,2,3
vic,,144,PROGRESS RD,,,ELTHAM NORTH,3095,HO,Sold At Auction,1070000,22/04/2017,,BARRY PLANT ELTHAM,4,2,2
vic,,2,JESSICAS LA,,,ELTHAM NORTH,3095,HO,Sold At Auction,Undisclosed,22/04/2017,,Morrison Kleeman Estate Agents Eltham / Greensborough / Doreen,3,1,2
vic,,125,MITFORD ST,,,ELWOOD,3184,HO,Sold At Auction,Undisclosed,22/04/2017,,Chisholm & Gamon & Associates,4,2,1
vic,11,94,TENNYSON ST,,,ELWOOD,3184,UN,Sold Prior To Auction,416000,22/04/2017,,Rombotis Real Estate PTY LTD,1,1,
vic,,25,SEVERN ST,,,EPPING,3076,HO,Sold At Auction,Undisclosed,22/04/2017,,MELBOURNE ESTATE AGENTS EPPING,3,1,2
vic,,5,EALING CL,,,EPPING,3076,HO,Sold At Auction,612500,22/04/2017,,Stockdale & Leggo Epping,,,
vic,,6,BOULDER WK,,,EPPING,3076,HO,Sold At Auction,Undisclosed,22/04/2017,,MELBOURNE ESTATE AGENTS EPPING,4,2,
vic,1,5,THISTLE ST,,,ESSENDON,3040,UN,Vendor Bid,350000,22/04/2017,,JELLIS CRAIG KENSINGTON,1,1,1
vic,4,31,COOPER ST,,,ESSENDON,3040,UN,Sold At Auction,707000,22/04/2017,,Nelson Alexander Real Estate Essendon,2,1,
vic,3,48,DEAKIN ST,,,ESSENDON,3040,UN,Sold At Auction,700000,22/04/2017,,Nelson Alexander Real Estate Essendon,3,1,
vic,1,41,NIMMO ST,,,ESSENDON,3040,UN,Passed In,,22/04/2017,,Jellis Craig - Brunswick,2,1,1
vic,2,2,ROBERTS ST,,,ESSENDON,3040,UN,Passed In,,22/04/2017,,Barry Plant - Moonee Valley,3,2,
vic,7,16,LEAKE ST,,,ESSENDON,3040,UN,Vendor Bid,510000,22/04/2017,,HODGES ASCOT VALE,2,2,1
VIC,,26,Flower,St,,Essendon,3040,HO,Sold At Auction,Undisclosed,22/04/2017,,Frank Dowling Essendon,3,,
vic,5,15,BULLA RD,,,ESSENDON NORTH,3041,UN,Sold At Auction,415500,22/04/2017,,Nelson Alexander Real Estate Essendon,2,1,
vic,,18,WELCH ST,,,FAWKNER,3060,HO,Sold At Auction,620000,22/04/2017,,RAINE & HORNE BRUNSWICK,3,1,3
VIC,4,14,Preston,St,,Fawkner,3060,UN,Sold At Auction,599000,22/04/2017,,Melbourne Estate Agents,3,,
vic,,2,CASTLE ST,,,FERNTREE GULLY,3156,HO,Sold At Auction,698000,22/04/2017,,Max Brown Real Estate Group - CROYDON,3,1,
vic,412,4,BIK LA,,,FITZROY NORTH,3068,UN,Passed In,,22/04/2017,,JELLIS CRAIG FITZROY,2,1,1
vic,,8A,JOHN ST,,,FLEMINGTON,3031,HO,Sold Prior To Auction,1085000,22/04/2017,,NELSON ALEXANDER FLEMINGTON,3,1,1
vic,,75,FARNHAM ST,,,FLEMINGTON,3031,HO,Sold At Auction,1205000,22/04/2017,,Nelson Alexander Real Estate - Flemington,3,1,
vic,1,44,ASCOT VALE RD,,,FLEMINGTON,3031,UN,Vendor Bid,390000,22/04/2017,,Nelson Alexander Real Estate - Flemington,2,1,1
vic,,56,FRISWELL AV,,,FLORA HILL,3550,LA,Vendor Bid,Undisclosed,22/04/2017,,Tweed Sutherland Real Estate,,,
vic,,19,FEDERAL ST,,,FOOTSCRAY,3011,UN,Sold At Auction,961000,22/04/2017,,Jellis Craig - Kensington,4,3,
vic,,9,GLEN VALLEY RD,,,FOREST HILL,3131,HO,Sold At Auction,1150000,22/04/2017,,Noel Jones Real Estate Blackburn,3,1,
vic,,12,HENWOOD ST,,,FOREST HILL,3131,HO,Sold At Auction,1065000,22/04/2017,,Woodards Real Estate Blackburn,3,1,
vic,2,12,JAQUES GV,,,FOREST HILL,3131,UN,Vendor Bid,750000,22/04/2017,,HOCKINGSTUART BALWYN & HAWTHORN,2,2,2
vic,12,47,KARS ST,,,FRANKSTON,3199,UN,Sold At Auction,310000,22/04/2017,,UFirst Real Estate - FRANKSTON,2,1,1
vic,,5,FRALLON CR,,,FRANKSTON,3199,HO,Sold Prior To Auction,Undisclosed,22/04/2017,,HARCOURTS LIMITLESS,4,1,1
vic,,10,KENILWORTH AV,,,FRANKSTON,3199,HO,Sold At Auction,807000,22/04/2017,,Hocking Stuart,3,1,2
vic,,86,MCMAHONS RD,,,FRANKSTON,3199,HO,Sold At Auction,651000,22/04/2017,,O'BRIEN REAL ESTATE FRANKSTON,3,1,1
vic,,64,SCREEN ST,,,FRANKSTON,3199,HO,Sold At Auction,780000,22/04/2017,,EVIEW GROUP FRANKSTON,4,2,2
vic,,14,MERRIGAL CT,,,FRANKSTON SOUTH,3199,HO,Sold At Auction,2200000,22/04/2017,,R T Edgar Real Estate,,,
vic,,10,MOUNTAIN AV,,,FRANKSTON SOUTH,3199,HO,Sold At Auction,825000,22/04/2017,,O'BRIEN FRANKSTON,3,2,2
vic,,209,MYERS ST,,,GEELONG,3220,HO,Sold At Auction,725000,22/04/2017,,Whitford - Newtown,3,2,
vic,,41,MCKILLOP ST,,,GEELONG,3220,UN,Sold Prior To Auction,Undisclosed,22/04/2017,,Maxwell Collins Geelong,3,1,
vic,,52,ANN ST,,,GEELONG WEST,3218,HO,Sold At Auction,685000,22/04/2017,,Whitford Property Newtown,4,1,1
vic,,37,LAWTON AV,,,GEELONG WEST,3218,HO,Sold At Auction,975000,22/04/2017,,Barry Plant Geelong,5,2,2
vic,,202,AUTUMN ST,,,GEELONG WEST,3218,HO,Passed In,,22/04/2017,,LJ Hooker Geelong,2,1,1
vic,,36,RYLANDES DR,,,GLADSTONE PARK,3043,HO,Sold At Auction,576000,22/04/2017,,Jason Tullamarine,3,1,3
vic,,8,ALLENBY PL,,,GLADSTONE PARK,3043,HO,Sold Prior To Auction,620000,22/04/2017,,BARRY PLANT GLADSTONE PARK,4,2,1
vic,,4,MYRA CT,,,GLADSTONE PARK,3043,HO,Sold At Auction,605000,22/04/2017,,BARRY PLANT GLADSTONE PARK,3,1,1
vic,2,133,GRANGE RD,,,GLEN HUNTLY,3163,UN,Sold At Auction,368000,22/04/2017,,Woodards Real Estate Carnegie,1,1,1
vic,2,4,WOODVILLE AV,,,GLEN HUNTLY,3163,UN,Sold At Auction,860500,22/04/2017,,Barry Plant Keysborough,3,2,1
vic,7,1192,GLEN HUNTLY RD,,,GLEN HUNTLY,3163,UN,Sold At Auction,575000,22/04/2017,,Buxton Real Estate Bentleigh,2,2,1
vic,1,1083,GLEN HUNTLY RD,,,GLEN HUNTLY,3163,UN,Vendor Bid,310000,22/04/2017,,Woodards Real Estate Carnegie,1,1,1
vic,3,1094,GLEN HUNTLY RD,,,GLEN HUNTLY,3163,UN,Sold At Auction,476000,22/04/2017,,Woodards Real Estate Carnegie,1,1,1
vic,14,10,WHITE ST,,,GLEN IRIS,3146,UN,Passed In,,22/04/2017,,Fletchers - Glen Iris,2,1,1
vic,,23,TOWER HILL RD,,,GLEN IRIS,3146,HO,Sold At Auction,Undisclosed,22/04/2017,,Fletchers Real Estate,3,2,
VIC,,51,Flowerdale,Rd,,Glen Iris,3146,HO,Sold At Auction,Undisclosed,22/04/2017,,Woodards,4,,
vic,,125,WINDELLA CR,,,GLEN WAVERLEY,3150,HO,Sold At Auction,1388000,22/04/2017,,Ray White Real Estate Glen Waverley,4,2,2
vic,1,13,EDITH ST,,,GLEN WAVERLEY,3150,UN,Sold At Auction,1205000,22/04/2017,,Harcourts Judd White,3,2,2
vic,1,33,LINCOLN AV,,,GLEN WAVERLEY,3150,UN,Sold At Auction,1125000,22/04/2017,,Harcourts glen waverley,2,1,2
vic,,53,HAMPSHIRE RD,,,GLEN WAVERLEY,3150,HO,Sold At Auction,1165000,22/04/2017,,Harcourts Judd White,4,2,1
vic,,31,BELMONT RD,,,GLEN WAVERLEY,3150,HO,Sold At Auction,1405000,22/04/2017,,Ray White Real Estate Glen Waverley,4,1,2
vic,,9,KURRAJONG AV,,,GLEN WAVERLEY,3150,HO,Sold At Auction,1405000,22/04/2017,,LLC REAL ESTATE,4,1,2
vic,,20,TORWOOD AV,,,GLEN WAVERLEY,3150,LA,Sold At Auction,1330000,22/04/2017,,Barry Plant Glen Waverley,,,
vic,,72,CAPITAL AV,,,GLEN WAVERLEY,3150,HO,Sold Prior To Auction,Undisclosed,22/04/2017,,Jellis Craig - Mount Waverley,3,2,
vic,,7,JAMES RD,,,GLEN WAVERLEY,3150,HO,Vendor Bid,1550000,22/04/2017,,Harcourts Judd White,5,2,2
VIC,,136,Capital,Av,,Glen Waverley,3150,HO,Sold Prior To Auction,1100000,12/04/2017,,Harcourts Judd White,4,,
vic,4,18,GRANDVIEW ST,,,GLENROY,3046,UN,Sold At Auction,323500,22/04/2017,,Jason Glenroy,2,1,1
vic,,29,GLENROY RD,,,GLENROY,3046,HO,Sold At Auction,820000,22/04/2017,,Melbourne Estate Agents Glenroy,3,1,1
vic,,2,ILA ST,,,GLENROY,3046,HO,Vendor Bid,1050000,22/04/2017,,Nelson Alexander Real Estate,4,3,
vic,,56,PECHAM ST,,,GLENROY,3046,HO,Passed In,,22/04/2017,,Stockdale & Leggo Glenroy,3,1,1
vic,,59,PECHAM ST,,,GLENROY,3046,HO,Sold At Auction,705000,22/04/2017,,BARRY PLANT,3,1,1
vic,,21,ROSE ST,,,GOLDEN SQUARE,3555,HO,Vendor Bid,370000,22/04/2017,,C R MARTIN BENDIGO,3,1,2
vic,,10,PARAWEENA CT,,,GREENSBOROUGH,3088,HO,Sold At Auction,911000,22/04/2017,,Darren Jones Real Estate,3,2,3
vic,,33,JESSOP ST,,,GREENSBOROUGH,3088,HO,Sold At Auction,Undisclosed,22/04/2017,,NELSON ALEXANDER - GREENSBOROUGH,4,2,2
vic,,10A,LEMON TREE LA,,,GREENSBOROUGH,3088,UN,Passed In,,22/04/2017,,Buckingham & Co Estate Agents,3,2,2
vic,,25,INVERNESS MWS,,,GREENVALE,3059,HO,Vendor Bid,Undisclosed,22/04/2017,,Harrison Parker Greenvale,4,2,5
vic,,12,VENETO GV,,,GREENVALE,3059,HO,Sold At Auction,732000,22/04/2017,,L J Hooker Real Estate Craigieburn,4,2,2
vic,,10,THE LOOP,,,HADFIELD,3046,HO,Sold At Auction,880000,22/04/2017,,Ray White Coburg,4,3,2
vic,,15,KIRRIEMUIR ST,,,HAMLYN HEIGHTS,3215,HO,Sold At Auction,650000,22/04/2017,,Jodie Bliss Real Estate,4,2,
vic,,18,TAHARA ST,,,HAMLYN HEIGHTS,3215,HO,Vendor Bid,470000,22/04/2017,,Maxwell Collins Geelong,4,1,2
vic,,121,VINES RD,,,HAMLYN HEIGHTS,3215,HO,Passed In,,22/04/2017,,Buxton - Newtown,7,3,
vic,2,4,SHORT ST,,,HAMPTON EAST,3188,UN,Sold At Auction,993000,22/04/2017,,Buxton Real Estate Hampton East,2,1,2
vic,1,21,HIGHBURY AV,,,HAMPTON EAST,3188,UN,Passed In,,22/04/2017,,Buxton Real Estate Hampton East,3,2,
VIC,10,352,Auburn,Rd,,Hawthorn,3122,UN,Sold Prior To Auction,560000,20/04/2017,,Raine & Horne Hawthorn,2,,
vic,3,2,LINTON CT,,,HAWTHORN EAST,3123,UN,Sold At Auction,722000,22/04/2017,,Woodards,2,1,1
vic,,19,ROSEBERRY ST,,,HAWTHORN EAST,3123,HO,Sold Prior To Auction,Undisclosed,22/04/2017,,Marshall White Boroondara,2,1,1
vic,310,96,CAMBERWELL RD,,,HAWTHORN EAST,3123,UN,Vendor Bid,700000,22/04/2017,,HOCKINGSTUART BALWYN & HAWTHORN,2,1,1
vic,,76,ST ANDREWS DR,,,HEATHERTON,3202,HO,Vendor Bid,Undisclosed,22/04/2017,,Ray White Cheltenham,4,3,2
vic,,5,BARNIC RD,,,HEATHMONT,3135,HO,Sold Prior To Auction,795000,22/04/2017,,NOEL JONES RINGWOOD,3,1,
vic,,4,LEAWARRA DR,,,HEATHMONT,3135,HO,Sold At Auction,875000,22/04/2017,,BARRY PLANT HEATHMONT,3,2,1
vic,3,89,ROSANNA RD,,,HEIDELBERG,3084,UN,Sold At Auction,610000,22/04/2017,,Philip Webb Real Estate Doncaster,4,3,2
vic,,3,YELLOW BOX TCE,,,HEIDELBERG,3084,HO,Sold At Auction,Undisclosed,22/04/2017,,Miles Real Estate - Ivanhoe & Rosanna,4,3,
vic,,29,MARTIN ST,,,HEIDELBERG,3084,HO,Sold At Auction,1271000,22/04/2017,,Fletchers - Diamond Valley & Banyule,3,2,
vic,,79,OUTHWAITE RD,,,HEIDELBERG HEIGHTS,3081,HO,Sold At Auction,657000,22/04/2017,,JELLIS CRAIG DONCASTER,3,1,1
vic,,23,FLINDERS ST,,,HEIDELBERG HEIGHTS,3081,HO,Sold At Auction,682000,22/04/2017,,BARRY PLANT IVANHOE,2,1,
vic,,171,SOUTHERN RD,,,HEIDELBERG WEST,3081,HO,Sold At Auction,950000,22/04/2017,,WILLIAM HUXLEY,3,1,3
vic,,1,NORMANBY CT,,,HEIDELBERG WEST,3081,HO,Sold At Auction,810000,22/04/2017,,BARRY PLANT IVANHOE,3,2,
vic,,402,AUTUMN ST,,,HERNE HILL,3218,HO,Passed In,,22/04/2017,,Hodges Geelong West,2,1,1
vic,1,6,TURNER RD,,,HIGHETT,3190,UN,Sold At Auction,921000,22/04/2017,,Buxton Real Estate Hampton East,4,2,1
vic,,9,PADULA CT,,,HILLSIDE,3037,HO,Sold At Auction,610000,22/04/2017,,Bells Real Estate Sydenham,3,2,2
vic,,36,ELEANOR DR,,,HOPPERS CROSSING,3029,HO,Sold At Auction,596500,22/04/2017,,reliance real estate,5,2,2
vic,,82,BELLBRIDGE DR,,,HOPPERS CROSSING,3029,HO,Sold At Auction,490000,22/04/2017,,YPA Estate Agents - Werribee,3,2,
vic,,23,BURNHAM DR,,,HOPPERS CROSSING,3029,HO,Sold At Auction,510000,22/04/2017,,YPA Estate Agents - Werribee,4,2,
vic,,169,THE ESPLANADE,,,INDENTED HEAD,3223,HO,Sold At Auction,850000,22/04/2017,,First National Real Estate N.H. Abbey,3,1,3
vic,,66,HONEYSUCKLE ST,,,IRONBARK,3550,HO,Vendor Bid,Undisclosed,22/04/2017,,Dungey Carter Ketterer Bendigo,3,1,
vic,3,10,TATE ST,,,IVANHOE,3079,UN,Passed In,,22/04/2017,,Fletchers Real Estate,3,2,2
vic,,24,HUNTERS LA,,,KALIMNA,3909,HO,Vendor Bid,330000,22/04/2017,,START REAL ESTATE,3,2,
VIC,,16,Hazel,Rd,,Kalimna,3909,HO,Vendor Bid,160000,22/04/2017,,Start Real Estate,2,,
vic,,10,BARINA CL,,,KEILOR DOWNS,3038,HO,Sold At Auction,605000,22/04/2017,,Brad Teal Real Estate Keilor,4,2,2
vic,,15,BREMEN CT,,,KEILOR DOWNS,3038,HO,Sold At Auction,634000,22/04/2017,,The Professionals Real Estate Taylors Lakes,3,2,2
vic,1,5,ONCIDIUM GDN,,,KEILOR DOWNS,3038,HO,Sold At Auction,600000,22/04/2017,,Bells Real Estate Sydenham,3,3,2
vic,,5,NOGA AV,,,KEILOR EAST,3033,HO,Sold At Auction,921000,22/04/2017,,NELSON ALEXANDER - KEILOR EAST,3,2,
vic,,68,NORWOOD DR,,,KEILOR EAST,3033,HO,Sold Prior To Auction,Undisclosed,22/04/2017,,NELSON ALEXANDER - KEILOR EAST,3,3,
vic,,1,LIMESTONE AV,,,KEILOR EAST,3033,LA,Sold At Auction,850000,22/04/2017,,Jellis Craig - Kensington,,,
vic,,19A,WYONG ST,,,KEILOR EAST,3033,HO,Sold At Auction,Undisclosed,22/04/2017,,Barry Plant Moonee Valley,4,2,2
vic,,49A,SPENCE ST,,,KEILOR PARK,3042,HO,Sold At Auction,Undisclosed,22/04/2017,,BARRY PLANT KEILOR EAST,3,1,2
vic,2,75,MCCRACKEN ST,,,KENSINGTON,3031,UN,Sold At Auction,528000,22/04/2017,,Nelson Alexander Real Estate - Flemington,2,1,1
vic,,41,KENSINGTON RD,,,KENSINGTON,3031,UN,Sold At Auction,902500,22/04/2017,,Rendina Real Estate,3,1,
vic,,105,BAYSWATER RD,,,KENSINGTON,3031,LA,Vendor Bid,800000,22/04/2017,,Nelson Alexander Real Estate - Flemington,,,
vic,,33,CHELMSFORD ST,,,KENSINGTON,3031,HO,Sold At Auction,903000,22/04/2017,,Rendina Real Estate,2,1,
VIC,,33,Mccracken,St,,Kensington,3031,HO,Sold Prior To Auction,1817000,08/04/2017,,Hodges,4,,
vic,3,38,PAKINGTON ST,,,KEW,3101,UN,Sold At Auction,736000,22/04/2017,,MARSHALL WHITE ONE,2,1,
vic,,136,KILBY RD,,,KEW EAST,3102,FA,Sold At Auction,1402000,22/04/2017,,Nelson Alexander Real Estate,,,
vic,3,1230,OLD BURKE RD,,,KEW EAST,3102,UN,Sold At Auction,1205000,22/04/2017,,Hocking Stuart Real Estate Balwyn,3,2,
vic,,17,ENNISMORE DR,,,KEYSBOROUGH,3173,HO,Passed In,,22/04/2017,,Mega City Real Estate Pty Ltd,3,1,1
vic,,27,DENMARK RD,,,KEYSBOROUGH,3173,HO,Vendor Bid,750000,22/04/2017,,KRPETERS OFFICER / WANTIRNA SOUTH,3,2,
vic,,5,PATRICIA LOOP,,,KEYSBOROUGH,3173,HO,Sold At Auction,760000,22/04/2017,,KRPETERS OFFICER / WANTIRNA SOUTH,3,2,
vic,,1,PATRICIA LOOP,,,KEYSBOROUGH,3173,HO,Sold At Auction,777000,22/04/2017,,KRPETERS OFFICER / WANTIRNA SOUTH,3,2,
VIC,,5A,Patricia,Lp,,Keysborough,3173,HO,Sold At Auction,755000,22/04/2017,,K R Peters,3,,
vic,,101,GORDON DR,,,KIALLA,3631,HO,Sold At Auction,Undisclosed,22/04/2017,,Professionals McNamara Thompson Reister,3,3,2
VIC,,81,David,St,N,Knoxfield,3180,HO,Sold At Auction,1505500,22/04/2017,,Buxton,3,,
vic,,7,PYKE PL,,,KURUNJANG,3337,HO,Sold Prior To Auction,Undisclosed,22/04/2017,,Raine & Horne Melton,3,1,
vic,,92,BLACK KNIGHT WAY,,,KURUNJANG,3337,HO,Sold At Auction,Undisclosed,22/04/2017,,HOCKINGSTUART MELTON,3,2,2
vic,,62,MITCHELL ST,,,KYNETON,3444,HO,Vendor Bid,1200000,22/04/2017,,JELLIS CRAIG MACEDON RANGES,4,,
vic,,97,MURRAY VALLEY HWY,,,LAKE BOGA,3584,HO,Sold At Auction,610000,22/04/2017,,RAY WHITE SWAN HILL,3,2,2
vic,,68,ROSEMARY DR,,,LALOR,3075,HO,Passed In,,22/04/2017,,Harcourts - Ballarat,3,1,1
vic,,37,ROSEMARY DR,,,LALOR,3075,HO,Passed In,,22/04/2017,,Harcourts - Warragul,4,1,2
vic,,82,MESSMATE ST,,,LALOR,3075,HO,Sold At Auction,720000,22/04/2017,,Harcourts - Ballarat,4,1,2
vic,1,21,ETHEL AV,,,LALOR,3075,UN,Sold At Auction,Undisclosed,22/04/2017,,Ristic Real Estate,2,1,1
vic,,9,HENDERSON ST,,,LAVERTON,3028,HO,Sold At Auction,505000,22/04/2017,,YPA Estate Agents - Werribee,3,1,
vic,,28,HIGH ST,,,LAVERTON,3028,HO,Sold At Auction,Undisclosed,22/04/2017,,BARRY PLANT ALTONA MEADOWS,3,1,2
vic,,17,COBBLER GRA,,,LYNBROOK,3975,HO,Sold At Auction,610000,22/04/2017,,Grants Estate Agents,4,2,
vic,,1,JANICE ST,,,MACLEOD,3085,HO,Sold At Auction,752000,22/04/2017,,Darren Jones Real Estate Greensborough,3,1,2
vic,,5,DUKE ST,,,MAFFRA,3860,LA,Sold At Auction,140000,22/04/2017,,Country Road Real Estate - Maffra,,,
VIC,,3,Duke,St,,Maffra,3860,LA,Sold At Auction,490000,22/04/2017,,Country Road Real Estate,,,
vic,,15,RADIO ST,,,MAIDSTONE,3012,LA,Sold At Auction,890000,22/04/2017,,Biggin & Scott Maribyrnong,,,
vic,,137A,BALLARAT RD,,,MAIDSTONE,3012,HO,Sold At Auction,Undisclosed,22/04/2017,,Jas Stephens Real Estate - Yarraville,3,1,1
vic,1,1,CLARENDON ST,,,MAIDSTONE,3012,UN,Sold At Auction,675000,22/04/2017,,Biggin & Scott Maribyrnong,3,2,
vic,,8,ROSS ST,,,MALMSBURY,3446,HO,Sold At Auction,Undisclosed,22/04/2017,,Biggin & Scott - Daylesford,3,1,2
vic,118,14,ELIZABETH ST,,,MALVERN,3144,UN,Passed In,,22/04/2017,,Jellis Craig  - Armadale,1,1,
vic,,104,BLAIR ST,,,MARIBYRNONG,3032,UN,Sold Prior To Auction,550000,22/04/2017,,Biggin & Scott Maribyrnong,3,2,2
vic,,7,THE GRAND,,,MARIBYRNONG,3032,HO,Vendor Bid,1270000,22/04/2017,,Barry Plant Tarneit,4,4,3
vic,,18,FAIRWAY CR,,,MCCRAE,3938,HO,Sold Prior To Auction,675000,22/04/2017,,HOCKING STUART DROMANA / ROSEBUD,3,1,2
vic,203,551,FLINDERS LA,,,MELBOURNE,3000,UN,Sold At Auction,275000,22/04/2017,,Whiting and Co Real Estate,1,1,
vic,418,539,ST KILDA RD,,,MELBOURNE,3004,UN,Passed In,,22/04/2017,,Harcourts Footscray,1,1,1
vic,1101,265,EXHIBITION ST,,,MELBOURNE,3000,UN,Sold At Auction,895000,22/04/2017,,hockingstuart - MELBOURNE,3,2,
vic,1201,565,FLINDERS ST,,,MELBOURNE,3000,UN,Sold At Auction,683000,22/04/2017,,MICM Property,2,2,1
vic,1302,8,SUTHERLAND ST,,,MELBOURNE,3000,UN,Sold At Auction,Undisclosed,22/04/2017,,PAGAN REAL ESTATE,2,2,1
vic,2303,568,COLLINS ST,,,MELBOURNE,3000,UN,Vendor Bid,520000,22/04/2017,,MICM Real Estate,2,2,
vic,,3,AVON CT,,,MELTON WEST,3337,HO,Sold Prior To Auction,360000,22/04/2017,,BARRY PLANT MELTON,3,2,2
vic,,18,TUTE LA,,,MELTON WEST,3337,HO,Sold At Auction,279000,22/04/2017,,HOCKINGSTUART MELTON,3,2,2
vic,,11,COLLINS ST,,,MENTONE,3194,HO,Sold At Auction,1471000,22/04/2017,,Buxton Real Estate Mentone,2,1,1
vic,,100A,FLINDERS ST,,,MENTONE,3194,HO,Sold Prior To Auction,Undisclosed,22/04/2017,,Hodges Real Estate Mentone,3,2,
vic,,4,NICOLA CT,,,MICKLEHAM,3064,HO,Sold At Auction,1395000,22/04/2017,,Melbourne Estate Agents Glenroy,4,2,
vic,,107,PRINCE OF WALES AV,,,MILL PARK,3082,HO,Passed In,,22/04/2017,,Ray White Real Estate South Morang,3,1,2
vic,,94,BUCKMASTER DR,,,MILL PARK,3082,HO,Passed In,,22/04/2017,,HARCOURTS MILL PARK / SOUTH MORANG / THOMASTOWN-LALOR / EPPING-WOLLERT / RESERVOIR,4,2,
vic,,371,CHILDS RD,,,MILL PARK,3082,HO,Sold At Auction,578000,22/04/2017,,HARCOURTS - LONGFORD,3,2,2
vic,,64,COVENTRY CR,,,MILL PARK,3082,HO,Sold At Auction,805000,22/04/2017,,Ray White Real Estate South Morang,4,3,2
vic,,14,CHARLOTTE RD,,,MILL PARK,3082,HO,Sold At Auction,590000,22/04/2017,,Love Real Estate Mill Park,3,2,2
vic,,10,SUNSHINE AV,,,MITCHAM,3132,HO,Sold Prior To Auction,Undisclosed,22/04/2017,,Noel Jones Mitcham,4,2,
vic,,11,GIBSON ST,,,MITCHAM,3132,HO,Sold At Auction,950000,22/04/2017,,JELLIS CRAIG BLACKBURN,3,2,4
vic,1,60,PERCY ST,,,MITCHAM,3132,UN,Sold At Auction,725000,22/04/2017,,Ray White Real Estate Mitcham,3,2,
vic,3,6,HALLS PDE,,,MITCHAM,3132,UN,Sold At Auction,958000,22/04/2017,,Noel Jones Real Estate Mitcham,3,2,
vic,,1,BASINGSTOKE RD,,,MITCHAM,3132,HO,Sold Prior To Auction,Undisclosed,22/04/2017,,Ray White Mitcham Vic,3,1,2
vic,,26,DUDLEY ST,,,MITCHAM,3132,HO,Sold At Auction,1140000,22/04/2017,,Noel Jones Real Estate,4,2,2
vic,2,1,SCOTT ST,,,MITCHAM,3132,UN,Passed In,,22/04/2017,,Walshe and Whitelock Brunswick,2,1,
vic,,1B,TARRANGOWER AV,,,MITCHAM,3132,HO,Sold At Auction,Undisclosed,22/04/2017,,Noel Jones Real Estate Blackburn,3,2,1
VIC,,6A,Hopetoun,St,,Mitcham,3132,HO,Sold Prior To Auction,655000,10/04/2017,,Ray White Mitcham,2,,
vic,,26,BOX HILL CR,,,MONT ALBERT NORTH,3129,HO,Sold At Auction,1235000,22/04/2017,,HOSKINS P/L,3,1,2
vic,3,52,MOUNTAIN VIEW RD,,,MONTMORENCY,3094,UN,Sold Prior To Auction,822000,22/04/2017,,Barry Plant Eltham,3,2,2
VIC,,99,Eglinton,St,,Moonee Ponds,3039,HO,Sold After Auction,1950000,17/04/2017,,Frank Dowling Essendon,4,,
vic,,239,CHESTERVILLE RD,,,MOORABBIN,3189,HO,Sold At Auction,860000,22/04/2017,,Hodges Real Estate Sandringham,3,1,2
vic,,8,GREENBANK DR,,,MOOROOLBARK,3138,HO,Sold Prior To Auction,831000,22/04/2017,,Fletchers Real Estate,4,2,
vic,,35,DAYMAR DR,,,MOOROOLBARK,3138,HO,Sold Prior To Auction,820000,22/04/2017,,Noel Jones Doncaster,4,3,2
vic,,10,WINIFRED RD,,,MOOROOLBARK,3138,HO,Sold At Auction,640000,22/04/2017,,LJ Hooker - Mooroolbark,3,1,
vic,3,12,ANDREW ST,,,MOOROOLBARK,3138,UN,Sold At Auction,510500,22/04/2017,,ANDERSON & CO CENTURY 21,2,1,1
vic,,2,POWLETT ST,,,MORDIALLOC,3195,HO,Passed In,,22/04/2017,,BARRY PLANT MORDIALLOC,3,1,3
vic,,4,CASUARINA CL,,,MORNINGTON,3931,HO,Sold At Auction,735000,22/04/2017,,U First Frankston,4,2,
vic,,13A,ROTHESAY AV,,,MORNINGTON,3931,LA,Sold At Auction,675000,22/04/2017,,Nicholas Lynch Real Estate,,,
vic,,22,RANNOCH AV,,,MOUNT ELIZA,3930,HO,Sold Prior To Auction,1200000,22/04/2017,,McEwing Partners Mount Eliza,4,2,2
vic,,25,MOHILLA ST,,,MOUNT ELIZA,3930,HO,Sold At Auction,905000,22/04/2017,,Nicholas Lynch Real Estate,4,2,2
vic,3,32,BENTONS RD,,,MOUNT MARTHA,3934,UN,Sold Prior To Auction,565000,22/04/2017,,Ray White Real Estate Mornington,3,2,2
vic,,273,LAWRENCE RD,,,MOUNT WAVERLEY,3149,HO,Sold At Auction,1850000,22/04/2017,,BARRY PLANT MOUNT WAVERLEY,5,2,2
vic,,69,MAYFIELD DR,,,MOUNT WAVERLEY,3149,HO,Sold Prior To Auction,1038000,22/04/2017,,Jellis Craig - Mount Waverley,3,1,
vic,,14,OAKERN ST,,,MOUNT WAVERLEY,3149,HO,Sold At Auction,1290000,22/04/2017,,BARRY PLANT MOUNT WAVERLEY,3,1,2
vic,,35,PARK LA,,,MOUNT WAVERLEY,3149,HO,Sold At Auction,2815000,22/04/2017,,Stockdale & Leggo Glen Waverley,,,
vic,2,23,BARLYN RD,,,MOUNT WAVERLEY,3149,UN,Sold At Auction,1060000,22/04/2017,,Harcourts Judd White,3,2,2
vic,,17C,VASEY AV,,,MOUNT WAVERLEY,3149,HO,Sold Prior To Auction,1206000,22/04/2017,,Jellis Craig Mount Waverley,4,2,
VIC,,7,Cora,Ct,,Mount Waverley,3149,HO,Sold At Auction,1310000,22/04/2017,,Harcourts Judd White,3,,
VIC,,48,Larch,Cr,,Mount Waverley,3149,HO,Sold Prior To Auction,Undisclosed,22/04/2017,,Woodards,4,,
vic,2,22,HIGHFIELD AV,,,MULGRAVE,3170,UN,Sold At Auction,530000,22/04/2017,,Ray White Real Estate Glen Waverley,3,1,1
vic,2,25,BEVIS ST,,,MULGRAVE,3170,UN,Sold At Auction,665000,22/04/2017,,Ray White Real Estate Glen Waverley,3,1,1
vic,,6,LOTUS CR,,,MULGRAVE,3170,HO,Sold At Auction,910000,22/04/2017,,Barry Plant Glen Waverley,3,3,2
vic,,17,HUBBARD AV,,,MULGRAVE,3170,HO,Vendor Bid,790000,22/04/2017,,Barry Plant Wheelers Hill,4,2,4
vic,,12,MEDORO GV,,,MULGRAVE,3170,HO,Sold At Auction,938000,22/04/2017,,EVIEW GROUP CHELSEA,3,1,4
vic,,18,EXCELSIOR CCT,,,MULGRAVE,3170,UN,Sold Prior To Auction,736000,22/04/2017,,Harcourts Mount Waverley,3,2,1
vic,2,19,LOTUS CR,,,MULGRAVE,3170,UN,Sold At Auction,741000,22/04/2017,,Ray White Real Estate Glen Waverley,4,2,2
vic,1,5,DUNOON ST,,,MURRUMBEENA,3163,UN,Sold At Auction,420500,22/04/2017,,Woodards Real Estate Carnegie,2,1,1
vic,5,25,HOBART RD,,,MURRUMBEENA,3163,UN,Passed In,,22/04/2017,,Woodards Real Estate Oakleigh,1,1,1
vic,,5,DONAL ST,,,MURRUMBEENA,3163,LA,Sold At Auction,1255000,22/04/2017,,HOCKINGSTUART CARNEGIE,,,
vic,1,211,MURRUMBEENA RD,,,MURRUMBEENA,3163,UN,Passed In,,22/04/2017,,FLETCHERS GLEN IRIS,2,1,1
vic,,52,WALLACE AV,,,MURRUMBEENA,3163,HO,Sold At Auction,1416000,22/04/2017,,HOCKINGSTUART CARNEGIE,2,1,1
vic,,23,VERONICA AV,,,NEWCOMB,3219,HO,Sold At Auction,325500,22/04/2017,,BARNETT NEWTOWN,3,1,
vic,,139,BLACKSHAWS RD,,,NEWPORT,3015,HO,Sold At Auction,956000,22/04/2017,,Sweeney Estate Agents Williamstown,4,2,4
vic,,74,OXFORD ST,,,NEWPORT,3015,HO,Sold At Auction,1650000,22/04/2017,,Greg Hocking Elly Partners,4,1,4
vic,5,11,BASIL ST,,,NEWPORT,3015,UN,Vendor Bid,740000,22/04/2017,,Greg Hocking Elly Partners - Williamstown,3,2,
VIC,,2,Maddox,Rd,,Newport,3015,HO,Sold Prior To Auction,828000,07/04/2017,,Jas Stephens Williamstown,3,,
VIC,,21,Junction,St,,Newport,3015,HO,Sold Prior To Auction,1215000,22/03/2017,,Jas Stephens Williamstown,2,,
vic,,398,ABERDEEN ST,,,NEWTOWN,3220,HO,Passed In,,22/04/2017,,Hodges Geelong,4,2,2
vic,,213,WEST FYANS ST,,,NEWTOWN,3220,HO,Passed In,,22/04/2017,,Buxton Highton,4,2,3
vic,,3,HOLLOWAY CT,,,NOBLE PARK,3174,HO,Sold Prior To Auction,674000,22/04/2017,,Barry Plant Keysborough,3,1,2
vic,,12,JENKINS ST,,,NOBLE PARK,3174,HO,Sold At Auction,793000,22/04/2017,,Barry Plant Keysborough,3,1,2
vic,,69,LIEGE AV,,,NOBLE PARK,3174,HO,Passed In,,22/04/2017,,Alex Scott & Staff Real Estate Berwick,5,2,2
vic,,1,MICHELLE CT,,,NOBLE PARK,3174,HO,Sold At Auction,625000,22/04/2017,,L J Hooker Real Estate Noble Park,3,2,2
vic,1,74,BUCKLEY ST,,,NOBLE PARK,3174,UN,Sold Prior To Auction,552500,22/04/2017,,CENTURY 21 Team ,3,2,1
vic,4,23,CRAIG ST,,,NOBLE PARK,3174,UN,Sold At Auction,467000,22/04/2017,,CENTURY 21 Team ,2,1,1
vic,,14,AVON ST,,,NOBLE PARK,3174,HO,Vendor Bid,510000,22/04/2017,,iSell group - Springvale,3,2,
vic,,4,RYECROFT CT,,,NOBLE PARK NORTH,3174,HO,Sold At Auction,635000,22/04/2017,,Barry Plant Noble Park,3,1,4
vic,,2,CAMELLIA AV,,,NOBLE PARK NORTH,3174,HO,Sold At Auction,727000,22/04/2017,,Barry Plant Noble Park,3,1,4
vic,,12,KINGSWOOD CR,,,NOBLE PARK NORTH,3174,HO,Sold At Auction,600000,22/04/2017,,iSell group - Springvale,3,1,
vic,,17,CURLEW CR,,,NORLANE,3214,HO,Sold At Auction,230000,22/04/2017,,PRD Nationwide Geelong,3,1,1
vic,,33,MORAY CR,,,NORTH BENDIGO,3550,HO,Sold Prior To Auction,Undisclosed,20/04/2017,,Ray White Bendigo,2,1,1
VIC,301,720,Queensberry,St,,North Melbourne,3051,UN,Passed In,,22/04/2017,,YPA Real Estate,4,,
vic,,15,SOUTH CR,,,NORTHCOTE,3070,HO,Sold At Auction,1006000,22/04/2017,,Nelson Alexander Real Estate Northcote,2,1,
vic,603,8,BREAVINGTON WAY,,,NORTHCOTE,3070,UN,Sold At Auction,440000,22/04/2017,,Nelson Alexander Real Estate Northcote,1,1,
VIC,,21,Mitchell,St,,Northcote,3070,HO,Sold After Auction,2990000,16/04/2017,,McGrath Northcote,4,,
vic,2,6,CHANDOR CT,,,NOTTING HILL,3168,UN,Sold At Auction,Undisclosed,22/04/2017,,BIGGIN & SCOTT GLEN WAVERLEY,2,1,1
vic,,2,CAVERSHAM CT,,,NUNAWADING,3131,HO,Sold At Auction,1200000,22/04/2017,,Fletchers Blackburn,3,1,2
vic,,17,CHERRYBROOK CL,,,NUNAWADING,3131,HO,Sold At Auction,1590000,22/04/2017,,Fletchers Real Estate,5,3,
vic,5,31,STATION RD,,,OAK PARK,3046,UN,Sold At Auction,Undisclosed,22/04/2017,,Brad Teal Real Estate Pascoe Vale,3,1,1
vic,,47A,SNELL GV,,,OAK PARK,3046,UN,Vendor Bid,650000,22/04/2017,,Brad Teal Real Estate Pascoe Vale,3,1,2
vic,2,6,DOBSON AV,,,OAKLEIGH EAST,3166,UN,Passed In,,22/04/2017,,HODGES CAULFIELD,2,2,1
vic,,4,DRUITT ST,,,OAKLEIGH SOUTH,3167,HO,Sold At Auction,1205500,22/04/2017,,Woodards Real Estate Oakleigh,4,2,
vic,,2,KAYBROOK CT,,,OAKLEIGH SOUTH,3167,HO,Sold At Auction,1042500,22/04/2017,,Woodards Real Estate Oakleigh,3,1,
VIC,,104,Sherbrooke,Av,,Oakleigh South,3167,HO,Sold Prior To Auction,Undisclosed,22/04/2017,,Buxton,4,,
vic,,2,HOWARD AV,,,ORMOND,3204,HO,Sold At Auction,1710000,22/04/2017,,HOCKINGSTUART BENTLEIGH,3,1,2
vic,,45,EAGLE DR,,,PAKENHAM,3810,HO,Passed In,,22/04/2017,,Ray White Real Estate Pakenham,3,2,2
vic,,8,MILL ST,,,PAKENHAM,3810,HO,Sold Prior To Auction,416000,22/04/2017,,Ray White Real Estate Pakenham,3,1,4
vic,,8,TANGELO TCE,,,PAKENHAM,3810,HO,Sold Prior To Auction,380000,22/04/2017,,Ray White Real Estate Pakenham,3,2,2
vic,,45,ENFIELD AV,,,PARK ORCHARDS,3114,HO,Sold Prior To Auction,1421000,23/04/2017,,Barry Plant Doncaster East,4,2,2
vic,7,51,COMO PDE E,,,PARKDALE,3195,UN,Sold At Auction,641000,22/04/2017,,BARRY PLANT MORDIALLOC,2,1,1
vic,,15,DAVEY ST,,,PARKDALE,3195,HO,Sold At Auction,815000,22/04/2017,,Buxton Real Estate Mentone,3,2,1
vic,101,80,CADE WAY,,,PARKVILLE,3052,UN,Vendor Bid,500000,22/04/2017,,JELLIS CRAIG FITZROY,2,2,1
vic,1,7,AVOCA CR,,,PASCOE VALE,3044,UN,Sold At Auction,620000,22/04/2017,,Brad Teal Real Estate Pascoe Vale,3,1,
vic,,24,BOLINGBROKE ST,,,PASCOE VALE,3044,HO,Passed In,,22/04/2017,,Brad Teal Pascoe Vale South,5,3,
vic,,12,IRMA GV,,,PASCOE VALE,3044,HO,Sold At Auction,1017500,22/04/2017,,Brad Teal Real Estate Pascoe Vale,3,1,1
vic,,2A,BOLINGBROKE ST,,,PASCOE VALE,3044,UN,Sold At Auction,520000,22/04/2017,,Brad Teal Real Estate Pascoe Vale,2,1,1
vic,3,307,CUMBERLAND RD,,,PASCOE VALE,3044,UN,Sold At Auction,652000,22/04/2017,,EVIEW GROUP - C+M RESIDENTIAL,2,2,1
VIC,,2,John,St,,Pascoe Vale,3044,HO,Sold At Auction,Undisclosed,22/04/2017,,Nelson Alexander,2,,
vic,,7,HACKETT ST,,,PASCOE VALE SOUTH,3044,HO,Sold At Auction,866000,22/04/2017,,JELLIS CRAIG BRUNSWICK,3,1,3
vic,,3,SUN RISE,,,PATTERSON LAKES,3197,HO,Sold At Auction,661000,22/04/2017,,Hocking Stuart Real Estate Frankston,3,2,
vic,,61,THE PARKWAY,,,PATTERSON LAKES,3197,HO,Sold At Auction,Undisclosed,22/04/2017,,Ray White Patterson Lakes,3,2,2
vic,3,2,SANDLEWOOD LA,,,POINT COOK,3030,UN,Sold At Auction,525000,22/04/2017,,HOCKINGSTUART ALTONA,3,2,2
vic,,5,GERALDTON RD,,,POINT COOK,3030,HO,Sold At Auction,530500,22/04/2017,,Hocking Stuart - Point Cook,3,2,
vic,205,88,DOW ST,,,PORT MELBOURNE,3207,UN,Sold Prior To Auction,730000,22/04/2017,,Buxton Real Estate Albert Park,2,1,1
vic,,44,SPRING ST,,,PRAHRAN,3181,HO,Passed In,,22/04/2017,,"hockingstuart - Armadale, Prahran, Malvern",1,1,
vic,412,153B,HIGH ST,,,PRAHRAN,3181,UN,Passed In,,22/04/2017,,"hockingstuart - Armadale, Prahran, Malvern",1,1,1
vic,219,85,HIGH ST,,,PRAHRAN,3181,UN,Sold At Auction,820000,22/04/2017,,Pride Real Estate - St Kilda,2,2,
vic,,227,WOOD ST,,,PRESTON,3072,HO,Sold At Auction,1010000,22/04/2017,,Nelson Alexander Real Estate,3,1,
vic,,60,CARLISLE ST,,,PRESTON,3072,HO,Sold Prior To Auction,1108000,22/04/2017,,McGrath Estate Agents ,2,1,
vic,,12,BELGROVE ST,,,PRESTON,3072,HO,Sold At Auction,1215000,22/04/2017,,Hocking Stuart,3,1,1
vic,,20,AMBON ST,,,PRESTON,3072,HO,Sold At Auction,910000,22/04/2017,,Hocking Stuart,3,1,
vic,,27,BARTLETT ST,,,PRESTON,3072,HO,Passed In,,22/04/2017,,Ray White Real Estate Preston,2,2,
vic,,11,MURPHY ST,,,PRESTON,3072,HO,Sold At Auction,801000,22/04/2017,,Nelson Alexander Real Estate Preston,3,1,
vic,2,853,HIGH ST,,,PRESTON,3073,UN,Sold At Auction,610000,22/04/2017,,Holland Price Real Estate - BRUNSWICK,2,2,
vic,,83A,TYLER ST,,,PRESTON,3072,UN,Passed In,,22/04/2017,,Ray White Real Estate Reservoir,3,1,2
vic,,1024,MORNINGTON-FLINDERS RD,,,RED HILL,3937,HO,Sold Prior To Auction,Undisclosed,22/04/2017,,R T Edgar - FLINDERS,4,2,
vic,,84,HOWARD ST,,,RESERVOIR,3073,HO,Sold At Auction,1910000,22/04/2017,,Ray White Real Estate Preston,5,2,
vic,,42,ELINDA PL,,,RESERVOIR,3073,UN,Sold At Auction,395000,22/04/2017,,Stockdale & Leggo Reservoir,,,
vic,,41,TUNALEY PDE,,,RESERVOIR,3073,HO,Sold At Auction,700000,22/04/2017,,Ray White Northcote,3,1,2
vic,,32,AYR ST,,,RESERVOIR,3073,HO,Sold Prior To Auction,800000,22/04/2017,,Ray White Real Estate Preston,4,1,4
vic,2,8,CUTHBERT RD,,,RESERVOIR,3073,UN,Sold At Auction,730000,22/04/2017,,Ray White,3,2,1
vic,2,19,TAMBO AV,,,RESERVOIR,3073,UN,Sold At Auction,550000,22/04/2017,,Nelson Alexander Real Estate,2,1,
vic,,3,KIMBER ST,,,RICHMOND,3121,HO,Sold At Auction,1330000,22/04/2017,,Jellis Craig Real Estate Richmond,3,1,1
vic,10,7,WESTBANK TCE,,,RICHMOND,3121,UN,Vendor Bid,440000,22/04/2017,,Jellis Craig - Richmond,2,1,
VIC,4,10,Davis,St,,Richmond,3121,UN,Sold Prior To Auction,475000,18/04/2017,,Jellis Craig,2,,
vic,,25,JEFFREY DR,,,RINGWOOD,3134,HO,Sold At Auction,1280000,22/04/2017,,Barry Plant Ringwood,4,2,4
vic,2,14,HEATHMONT RD,,,RINGWOOD,3134,UN,Sold At Auction,Undisclosed,22/04/2017,,BARRY PLANT HEATHMONT,3,1,2
vic,,11,BELLEVUE AV,,,RINGWOOD,3134,HO,Sold At Auction,1005000,22/04/2017,,Fletchers Real Estate,2,1,
vic,,29,BEDFORD RD,,,RINGWOOD,3134,HO,Passed In,,22/04/2017,,Philip Webb  Ringwood,3,1,2
VIC,,25,Hendra,Gr,,Ringwood,3134,HO,Sold At Auction,721500,22/04/2017,,Hocking Stuart,4,,
vic,,29,DUBLIN RD,,,RINGWOOD EAST,3135,HO,Sold At Auction,950000,22/04/2017,,Barry Plant Ringwood,4,2,2
vic,2,133,MT DANDENONG RD,,,RINGWOOD EAST,3135,UN,Sold Prior To Auction,550000,22/04/2017,,Fletchers Real Estate - Ringwood,2,1,
vic,,1,CONIFER CT,,,RINGWOOD NORTH,3134,HO,Sold Prior To Auction,935000,22/04/2017,,Philip Webb Real Estate,4,2,
vic,1,30,MONTALBO RD,,,RINGWOOD NORTH,3134,HO,Passed In,,22/04/2017,,Philip Webb Real Estate,3,2,
vic,,3,CRAMPTON CR,,,ROSANNA,3084,HO,Sold Prior To Auction,Undisclosed,22/04/2017,,BARRY PLANT ROSANNA,4,2,2
vic,,8,GLASSON ST,,,ROSEBUD,3939,HO,Sold At Auction,505000,22/04/2017,,Barry Plant rosebud,3,2,2
vic,,152,NINTH AV,,,ROSEBUD,3939,HO,Sold Prior To Auction,455000,22/04/2017,,Stockdale & Leggo (Dromana-Rosebud),,,
vic,,10,VIRGILIA CT,,,ROWVILLE,3178,HO,Sold At Auction,861000,22/04/2017,,Harcourts Rowville,4,2,2
vic,,9,ARMSTRONG CT,,,ROXBURGH PARK,3064,HO,Sold At Auction,463000,22/04/2017,,Raine and Horne Roxburgh Park,3,2,1
vic,,8,VELA PL,,,ROXBURGH PARK,3064,HO,Sold At Auction,446000,22/04/2017,,Raine and Horne Roxburgh Park,3,1,
vic,,45,FORTUNE ST,,,RUTHERGLEN,3685,HO,Passed In,,22/04/2017,,Stean Nicholls Albury,5,2,
vic,,114,MARINE DR,,,SAFETY BEACH,3936,HO,Sold At Auction,1320000,22/04/2017,,M J Ross Real Estate Dromana,3,2,
vic,,136,LANSDOWNE ST,,,SALE,3850,HO,Passed In,,22/04/2017,,Graham Chalmer,3,1,3
vic,,15,REGENT CT,,,SANDRINGHAM,3191,HO,Sold Prior To Auction,1455000,22/04/2017,,Charlton King Real Estate,4,2,
vic,5,382,BLUFF RD,,,SANDRINGHAM,3191,UN,Vendor Bid,580000,22/04/2017,,GREG HOCKING POULIOS,2,1,1
vic,,80,SANDRINGHAM RD,,,SANDRINGHAM,3191,HO,Sold Prior To Auction,1700000,22/04/2017,,Hodges Real Estate,4,2,2
vic,2,39,FELLOWES ST,,,SEAFORD,3198,UN,Sold Prior To Auction,430000,22/04/2017,,HOCKINGSTUART CHELSEA (SALES),2,1,1
vic,3,1,JAMES AV,,,SEAHOLME,3018,UN,Passed In,,22/04/2017,,HOCKINGSTUART ALTONA,2,1,1
vic,,11,HUTCHINS WAY,,,SKYE,3977,HO,Sold Prior To Auction,355000,22/04/2017,,@REALTY,3,1,
vic,2,17,GREENE ST,,,SOUTH KINGSVILLE,3015,UN,Passed In,,22/04/2017,,Jas H Stephens Real Estate,2,1,
vic,,344,MORAY ST,,,SOUTH MELBOURNE,3205,HO,Sold At Auction,1732000,22/04/2017,,Buxton Real Estate Albert Park,3,1,
vic,,55,COBDEN ST,,,SOUTH MELBOURNE,3205,HO,Sold At Auction,1024000,22/04/2017,,Williams Real Estate,2,1,
vic,,125,NAPIER ST,,,SOUTH MELBOURNE,3205,HO,Passed In,,22/04/2017,,Greg Hocking Holdsworth Albert Park,2,1,1
vic,,8,MORRIS ST,,,SOUTH MELBOURNE,3205,HO,Sold Prior To Auction,Undisclosed,22/04/2017,,Buxton Real Estate Albert Park,1,1,
vic,53,39,DORCAS ST,,,SOUTH MELBOURNE,3205,UN,Vendor Bid,680000,22/04/2017,,Greg Hocking Holdsworth,3,2,2
vic,,3,BUSSELL CT,,,SOUTH MORANG,3752,HO,Sold Prior To Auction,531900,22/04/2017,,Ray White Real Estate South Morang,3,2,1
vic,,6,SARGOOD DR,,,SOUTH MORANG,3752,HO,Sold At Auction,660000,22/04/2017,,Ray White Bundoora,4,2,2
vic,5,9,ROCKLEY RD,,,SOUTH YARRA,3141,UN,Sold At Auction,792500,22/04/2017,,Jellis Craig  - South Yarra,2,1,1
vic,,9,NICHOLSON ST,,,SOUTH YARRA,3141,HO,Sold At Auction,1405000,22/04/2017,,Beller Real Estate Prahran,2,1,
vic,403,79,RIVER ST,,,SOUTH YARRA,3141,UN,Sold At Auction,850000,22/04/2017,,Hocking Stuart Real Estate South Yarra,2,2,2
vic,11,17,COMO AV,,,SOUTH YARRA,3141,UN,Sold At Auction,247500,22/04/2017,,R T Edgar Toorak,2,1,1
vic,1,39,STEPHENSON ST,,,SPOTSWOOD,3015,HO,Sold At Auction,660000,22/04/2017,,RT Edgar - Williamstown,3,1,1
VIC,1,8,Morwick,St,,Spotswood,3015,UN,Sold Prior To Auction,882500,03/03/2017,,Sweeney,4,,
vic,,17,ANN ST,,,SPRINGVALE,3171,HO,Sold At Auction,825000,22/04/2017,,ISELL GROUP,3,1,3
vic,,5,FLYNN ST,,,SPRINGVALE,3171,HO,Sold At Auction,Undisclosed,22/04/2017,,BARRY PLANT SPRINGVALE,3,1,2
vic,,43,GRACE ST,,,SPRINGVALE,3171,HO,Sold At Auction,Undisclosed,22/04/2017,,ISELL GROUP,3,1,3
vic,3,519,SPRINGVALE RD,,,SPRINGVALE SOUTH,3172,UN,Vendor Bid,Undisclosed,22/04/2017,,ISELL GROUP,4,3,4
vic,,70,FOX ST,,,ST ALBANS,3021,HO,Sold At Auction,Undisclosed,22/04/2017,,BARRY PLANT ST ALBANS,5,3,2
vic,,20,JAMES ST,,,ST ALBANS,3021,HO,Sold At Auction,668000,22/04/2017,,BARRY PLANT ST ALBANS,3,1,
vic,,152,POWER ST,,,ST ALBANS,3021,HO,Passed In,,22/04/2017,,Ray White Real Estate Taylors Lakes,3,1,
vic,7,45,DALGETY ST,,,ST KILDA,3182,UN,Sold At Auction,500000,22/04/2017,,Biggin & Scott Real Estate St.Kilda,1,1,
vic,12,8,MITFORD ST,,,ST KILDA,3182,UN,Sold At Auction,480000,22/04/2017,,BUXTON (ST KILDA) PTY LTD,2,1,1
vic,6,34,PRINCES ST,,,ST KILDA,3182,UN,Sold Prior To Auction,Undisclosed,22/04/2017,,Hocking Stuart St Kilda,1,1,
vic,5,48,WATERLOO CR,,,ST KILDA,3182,UN,Passed In,,22/04/2017,,RT EDGAR BAYSIDE,1,1,1
vic,,63,CHAPEL ST,,,ST KILDA,3182,HO,Sold At Auction,1361000,22/04/2017,,BUXTON (ST KILDA) PTY LTD,3,1,
vic,5,26,DALGETY ST,,,ST KILDA,3182,UN,Vendor Bid,600000,22/04/2017,,Greg Hocking Holdsworth - Albert Park,2,1,
VIC,6,8,Robe,St,,St Kilda,3182,UN,Vendor Bid,520000,22/04/2017,,Biggin Scott,2,,
vic,3,26,LOCH ST,,,ST KILDA WEST,3182,UN,Sold At Auction,681000,22/04/2017,,Whiting & Co Pty Ltd,2,1,1
vic,,40A,LIND ST,,,STRATHMORE,3041,UN,Sold Prior To Auction,Undisclosed,22/04/2017,,BEKDON RICHARDS,2,1,2
vic,,88,BARKLY ST,,,SUNBURY,3429,HO,Vendor Bid,900000,22/04/2017,,BRAD TEAL SUNBURY,5,2,2
vic,,2,DULCIE ST,,,SUNSHINE,3020,HO,Sold At Auction,885000,22/04/2017,,Barry Plant sunshine,3,1,1
vic,,2,ISLINGTON ST,,,SUNSHINE,3020,HO,Sold At Auction,970000,22/04/2017,,Douglas Kay Real Estate Sunshine,4,1,4
vic,,3,MELLOR ST,,,SUNSHINE,3020,HO,Sold At Auction,841000,22/04/2017,,Douglas Kay Real Estate Sunshine,3,1,1
vic,,44,MATTHEWS ST,,,SUNSHINE,3020,LA,Sold At Auction,451000,22/04/2017,,Barry Plant sunshine,,,
vic,,143B,CORNWALL RD,,,SUNSHINE,3020,HO,Passed In,,22/04/2017,,Douglas Kay Real Estate Sunshine,2,2,1
vic,,51,BERKSHIRE RD,,,SUNSHINE NORTH,3020,HO,Passed In,,22/04/2017,,BIGGIN & SCOTT SUNSHINE,3,1,2
vic,,7,TANIA ST,,,SUNSHINE NORTH,3020,HO,Sold At Auction,710000,22/04/2017,,Douglas Kay Real Estate Sunshine,3,1,
vic,,8,RIVERBEND WAY,,,SUNSHINE NORTH,3020,LA,Passed In,,22/04/2017,,G.L. LEE,,,
vic,,15,BELL ST,,,SUNSHINE WEST,3020,HO,Sold At Auction,692000,22/04/2017,,Barry Plant sunshine,3,1,1
vic,,13,MURRAY ST,,,SUNSHINE WEST,3020,HO,Passed In,,22/04/2017,,Douglas Kay Real Estate Sunshine,3,1,2
vic,,15,DURHAM RD,,,SURREY HILLS,3127,HO,Sold At Auction,2867000,22/04/2017,,Woodards Real Estate Blackburn,4,2,1
vic,,38,SILVERDENE AV,,,SYDENHAM,3037,HO,Sold At Auction,560000,22/04/2017,,Barry Plant Taylors Lakes,3,2,1
vic,,16,HUME DR,,,SYDENHAM,3037,HO,Sold At Auction,756000,22/04/2017,,The Professionals Real Estate Taylors Lakes,4,2,
vic,,24B,SPRINGLEAF RD,,,TARNEIT,3029,HO,Sold At Auction,346000,22/04/2017,,Barry Plant Tarneit,3,2,1
vic,,6,COOGEE DR,,,TAYLORS HILL,3037,HO,Sold Prior To Auction,780000,22/04/2017,,Barry Plant Taylors Lakes,5,2,
vic,,22,WISTERIA CL,,,TAYLORS HILL,3037,HO,Passed In,,22/04/2017,,Ray White Real Estate Taylors Lakes,6,4,4
vic,,11,BRADFIELD WAY ,,,TAYLORS HILL,3037,HO,Sold At Auction,772000,22/04/2017,,Barry Plant Taylors Lakes,4,2,
vic,,3,BERWYN CR,,,TEMPLESTOWE,3106,HO,Vendor Bid,2500000,22/04/2017,,Barry Plant Doncaster East,4,3,3
VIC,,6,Hampden,Ct,,Templestowe,3106,HO,Sold At Auction,Undisclosed,22/04/2017,,Philip Webb,5,,
vic,,33,SINCLAIR AV,,,TEMPLESTOWE LOWER,3107,HO,Sold At Auction,1550000,22/04/2017,,Ray White Box Hill,4,2,2
vic,,30,PARKER ST,,,TEMPLESTOWE LOWER,3107,HO,Sold At Auction,Undisclosed,22/04/2017,,Barry Plant Doncaster East,4,2,2
vic,,254,THOMPSONS RD,,,TEMPLESTOWE LOWER,3107,HO,Sold At Auction,782000,22/04/2017,,RAY WHITE MANNINGHAM,4,2,2
vic,,8,ANDROMEDA WAY,,,TEMPLESTOWE LOWER,3107,HO,Sold At Auction,Undisclosed,22/04/2017,,Barry Plant Doncaster East,4,2,2
vic,,144,EDGARS RD,,,THOMASTOWN,3074,HO,Sold At Auction,575000,22/04/2017,,Ray White Thomastown,3,1,1
vic,,3,BRIDGEWATER GV,,,THOMASTOWN,3074,HO,Sold At Auction,640000,22/04/2017,,HARCOURTS - LONGFORD,3,2,2
vic,2,2,STEWART ST,,,THOMASTOWN,3074,UN,Sold At Auction,486000,22/04/2017,,HARCOURTS PINNACLE,2,1,1
vic,,2B,ELM ST,,,THOMASTOWN,3074,UN,Passed In,,22/04/2017,,HARCOURTS PINNACLE,2,1,1
vic,,140,DUNDAS ST,,,THORNBURY,3071,HO,Sold At Auction,915000,22/04/2017,,EJ Love Real Estate Thornbury,2,1,
vic,,5353,TRARALGON-MAFFRA RD,,,TINAMBA,3859,HO,Passed In,,21/04/2017,,Country Road Real Estate - Maffra,3,2,
vic,73,145,CANTERBURY RD,,,TOORAK,3142,UN,Passed In,,22/04/2017,,R T Edgar Toorak,1,1,1
vic,,13,TOORAK AV,,,TOORAK,3142,HO,Sold At Auction,5733000,22/04/2017,,Marshall White Real Estate,4,2,
vic,,4,SANDS BVD,,,TORQUAY,3228,LA,Vendor Bid,Undisclosed,22/04/2017,,Hayden Real Estate - Torquay,,,
vic,,66,ST GEORGES WAY,,,TORQUAY,3228,HO,Vendor Bid,1100000,22/04/2017,,Hayden Real Estate - Torquay,4,2,2
vic,,12,ESTHER ST,,,TRUGANINA,3029,HO,Sold At Auction,520000,22/04/2017,,YPA Estate Agents - Werribee,3,2,
vic,,8,DALKEITH AV,,,TULLAMARINE,3043,HO,Sold At Auction,Undisclosed,22/04/2017,,Jason Tullamarine,4,2,
vic,15,112A,MICKLEHAM RD,,,TULLAMARINE,3043,UN,Sold At Auction,386000,22/04/2017,,BARRY PLANT GLADSTONE PARK,2,1,1
vic,8,112A,MICKLEHAM RD,,,TULLAMARINE,3043,UN,Sold At Auction,415500,22/04/2017,,BARRY PLANT GLADSTONE PARK,2,1,1
vic,,79,SPRING ST,,,TULLAMARINE,3043,HO,Sold At Auction,750000,22/04/2017,,NELSON ALEXANDER - KEILOR EAST,4,2,
vic,,755,HIGHBURY RD,,,VERMONT SOUTH,3133,HO,Sold At Auction,Undisclosed,22/04/2017,,R T Edgar,3,2,2
vic,,9,GIBBON AV,,,VERMONT SOUTH,3133,HO,Sold At Auction,Undisclosed,22/04/2017,,Ray White Real Estate Glen Waverley,5,5,2
vic,,9,ROCKAWAY DR,,,VIEWBANK,3084,HO,Passed In,,22/04/2017,,Fletchers - Diamond Valley & Banyule,4,2,1
vic,,330,LOWER PLENTY RD,,,VIEWBANK,3084,HO,Vendor Bid,780000,22/04/2017,,BARRY PLANT IVANHOE,5,2,
vic,,7,CASH FUES PL,,,WANTIRNA,3152,HO,Sold At Auction,919000,19/04/2017,,HARCOURTS - TORRENSVILLE,4,2,2
vic,,19,DALKEITH RD,,,WANTIRNA,3152,HO,Sold Prior To Auction,Undisclosed,22/04/2017,,MAX BROWN BORONIA,3,2,2
vic,,4,QUIXLEY GV,,,WANTIRNA,3152,HO,Sold At Auction,1250000,22/04/2017,,LLC REAL ESTATE,5,3,2
vic,16,19,SOVEREIGN PL,,,WANTIRNA SOUTH,3152,CO,Sold Prior To Auction,Undisclosed,22/04/2017,,BIGGIN & SCOTT GLEN WAVERLEY,,,
vic,,3,DOWNSHIRE CL,,,WANTIRNA SOUTH,3152,HO,Sold At Auction,1005000,19/04/2017,,HARCOURTS - MAGILL,4,2,2
VIC,,62,Merrill,Cr,,Warranwood,3134,HO,Passed In,,22/04/2017,,Philip Webb,3,,
vic,,25,BUNGAY ST,,,WATSONIA,3087,HO,Sold At Auction,761000,22/04/2017,,L J Hooker Real Estate South Morang,4,1,2
vic,,5,DAOURS CT,,,WATSONIA,3087,HO,Sold At Auction,932500,22/04/2017,,Miles Real Estate,4,2,2
vic,,168,CAMERON PDE,,,WATSONIA NORTH,3087,HO,Passed In,,22/04/2017,,Barry Plant Bundoora,5,2,4
vic,,33,WYNDHAM ST,,,WERRIBEE,3030,HO,Sold Prior To Auction,450000,22/04/2017,,Westwood First National,3,1,1
vic,,6,ELBE CL,,,WERRIBEE,3030,HO,Sold Prior To Auction,480000,22/04/2017,,HARCOURTS WYNDHAM CITY,3,2,2
vic,,65,PURCHAS ST,,,WERRIBEE,3030,HO,Sold At Auction,510500,22/04/2017,,HOCKINGSTUART WERRIBEE,4,2,2
vic,,60,RACECOURSE RD,,,WERRIBEE,3030,HO,Sold At Auction,504500,22/04/2017,,Hocking Stuart Werribee,4,2,
vic,,26A,MARGARET ST,,,WERRIBEE,3030,HO,Sold At Auction,495000,22/04/2017,,YPA Estate Agents - Werribee,3,1,
vic,,14,MELROSE PL,,,WERRIBEE,3030,HO,Passed In,,22/04/2017,,Sweeney Estate Agents Werribee,3,2,
vic,,4,WILLOW ST,,,WERRIBEE,3030,HO,Sold Prior To Auction,420000,22/04/2017,,TRIWEST REAL ESTATE THE PROFESSIONALS WERRIBEE,3,1,2
vic,,14,STANHOPE ST,,,WEST FOOTSCRAY,3012,HO,Sold At Auction,975000,22/04/2017,,Jas Stephens Real Estate - Yarraville,3,1,
vic,,11,MARGOT ST,,,WEST FOOTSCRAY,3012,HO,Sold At Auction,Undisclosed,22/04/2017,,Williams Williamstown,4,1,4
vic,,85,STANHOPE ST,,,WEST FOOTSCRAY,3012,HO,Sold At Auction,Undisclosed,22/04/2017,,Burnham Real Estate,2,1,3
vic,4,624,BARKLY ST,,,WEST FOOTSCRAY,3012,UN,Sold At Auction,490000,22/04/2017,,Village Real Estate - Seddon,2,1,1
VIC,,1,Dongola,Rd,,West Footscray,3012,HO,Sold At Auction,935000,22/04/2017,,Jas Stephens - Yarraville,3,,
vic,,63,JELLS RD,,,WHEELERS HILL,3150,HO,Sold At Auction,Undisclosed,22/04/2017,,BIGGIN & SCOTT GLEN WAVERLEY,4,2,2
vic,,6,CRAIG HILL DR,,,WHEELERS HILL,3150,HO,Sold At Auction,Undisclosed,22/04/2017,,Harcourts Judd White,4,3,2
vic,9,99,VERDON ST,,,WILLIAMSTOWN,3016,UN,Sold At Auction,490000,22/04/2017,,Village Real Estate Seddon,2,1,1
vic,12,53,MORRIS ST,,,WILLIAMSTOWN,3016,UN,Sold Prior To Auction,550000,22/04/2017,,Williams Real Estate,2,1,2
VIC,,212,Coogee,La,,Williamstown,3016,HO,Sold Prior To Auction,1170000,19/04/2017,,Sweeney,3,,
vic,3,217,DANDENONG RD,,,WINDSOR,3181,UN,Sold Prior To Auction,854000,22/04/2017,,Woodards Northern - Carlton,2,1,1
vic,,94,HENRY ST,,,WINDSOR,3181,HO,Sold At Auction,1285000,22/04/2017,,Biggin & Scott Real Estate St.Kilda,3,1,
vic,,3,CHARLES ST,,,WODONGA,3690,HO,Passed In,,22/04/2017,,Wodonga Real Estate ,4,2,4
vic,,118,THOMAS MITCHELL DR,,,WODONGA,3690,LA,Passed In,,22/04/2017,,Wodonga Real Estate ,,,
VIC,,31,Batt,Av,,Wodonga,3690,HO,Vendor Bid,Undisclosed,22/04/2017,,Professionals Wodonga,2,,
vic,,18,POTTER ST,,,WOLLERT,3750,HO,Sold At Auction,395000,22/04/2017,,Harcourts - Ballarat,3,2,2
vic,,26,TIMBLE CL,,,WOLLERT,3750,HO,Sold At Auction,575000,22/04/2017,,HARCOURTS - WOODVILLE PARK,4,2,2
vic,,42,RHONE DR,,,WOLLERT,3750,LA,Sold At Auction,300500,22/04/2017,,E J Love Real Estate - Epping,,,
vic,,12,PEZZIMENTI PL,,,WONGA PARK,3115,HO,Sold At Auction,905000,22/04/2017,,JELLIS CRAIG DONCASTER,4,2,2
vic,,66,DREW ST,,,YARRAVILLE,3013,HO,Sold At Auction,1256000,22/04/2017,,HOCKINGSTUART YARRAVILLE,2,1,3
vic,,38,STANGER ST,,,YARRAVILLE,3013,HO,Passed In,,22/04/2017,,Hocking Stuart Yarraville,4,3,2
vic,3,11,FIELDING ST,,,YARRAVILLE,3013,UN,Sold At Auction,1120000,22/04/2017,,HOCKINGSTUART YARRAVILLE,3,2,
vic,,7,NARDINO DR,,,YINNAR,3869,HO,Passed In,,22/04/2017,,Stockdale & Leggo Morwell,,,
