vic,,22,LULIE ST,,,ABBOTSFORD,3067,HO,,,29/04/2017,,Jellis Craig Real Estate Richmond,3,2,2
vic,,24,COOKE ST,,,ABBOTSFORD,3067,HO,,,29/04/2017,,Jellis Craig Real Estate Richmond,2,1,
vic,,198,GIPPS ST,,,ABBOTSFORD,3067,HO,,,29/04/2017,,Nelson Alexander Real Estate Fitzroy,2,1,1
vic,518,1,ACACIA PL,,,ABBOTSFORD,3067,UN,,,29/04/2017,,Biggin & Scott Real Estate Richmond,1,1,1
vic,,5,ALLAN ST,,,ABERFELDIE,3040,HO,,,29/04/2017,,Nelson Alexander Real Estate Essendon,4,2,
vic,,2,DERRY ST,,,ABERFELDIE,3040,HO,,,29/04/2017,,Nelson Alexander Real Estate,4,2,1
vic,,7,RITA ST,,,ABERFELDIE,3040,HO,,,29/04/2017,,Nelson Alexander Real Estate Essendon,3,1,2
vic,,67,HALSEY RD,,,AIRPORT WEST,3042,HO,,,29/04/2017,,NELSON ALEXANDER - KEILOR EAST,3,1,1
vic,,25,CLYDESDALE RD,,,AIRPORT WEST,3042,HO,,,29/04/2017,,MCDONALD UPTON ESSENDON,3,1,
vic,1,12,LAURENCE AV,,,AIRPORT WEST,3042,UN,,,29/04/2017,,Nelson Alexander Real Estate Essendon,3,2,
vic,2,80,HAWKER ST,,,AIRPORT WEST,3042,UN,,,29/04/2017,,Barry Plant - Moonee Valley,2,1,
vic,,129A,MARSHALL RD,,,AIRPORT WEST,3042,LA,,,29/04/2017,,NELSON ALEXANDER - KEILOR EAST,,,
vic,,3,NEWARK CT,,,ALBANVALE,3021,HO,,,29/04/2017,,ypa estate agents,3,1,1
vic,,10,ROBYN AV,,,ALBANVALE,3021,HO,,,29/04/2017,,YPA St Albans,3,1,3
vic,,342,MONTAGUE ST,,,ALBERT PARK,3206,HO,,,29/04/2017,,Greg Hocking Holdsworth Albert Park,3,2,2
vic,,81,MERTON ST,,,ALBERT PARK,3206,HO,,,29/04/2017,,Greg Hocking Holdsworth Albert Park,4,3,1
vic,,6,GRAY LA,,,ALBERT PARK,3206,HO,,,29/04/2017,,WHITEFOX REAL ESTATE,3,1,1
vic,,46,WITHERS ST,,,ALBERT PARK,3206,HO,,,29/04/2017,,RT Edgar Albert Park,2,1,
vic,,2A,MILLS ST,,,ALBERT PARK,3206,HO,,,29/04/2017,,Marshall White Albert Park,2,2,
vic,10,90,YARRALEA ST,,,ALPHINGTON,3078,UN,,,29/04/2017,,Miles Real Estate - Ivanhoe & Rosanna,1,1,1
vic,,13,LINNET ST,,,ALTONA,3018,HO,,,29/04/2017,,Greg Hocking Elly Partners - Williamstown,3,1,
vic,,1C,BOYD ST,,,ALTONA,3018,UN,,,29/04/2017,,Greg Hocking Elly Partners,2,1,1
vic,,12,KOOKABURRA ST,,,ALTONA,3018,HO,,,29/04/2017,,Greg Hocking Elly Partners - Williamstown,3,1,
vic,3,16,BRYAN AV,,,ALTONA NORTH,3025,UN,,,29/04/2017,,Raine & Horne - Williamstown,1,1,1
vic,,23,RYMILL CT,,,ALTONA NORTH,3025,HO,,,29/04/2017,,Hocking Stuart Real Estate Williamstown,3,1,
vic,,721,BALLARAT RD,,,ARDEER,3022,HO,,,29/04/2017,,,3,2,2
vic,,3,ROCKWOOD ST,,,ARDEER,3022,UN,,,29/04/2017,,Bells Real Estate Sunshine,3,1,1
vic,18,11,LLANEAST ST,,,ARMADALE,3143,UN,,,29/04/2017,,Hocking Stuart Armadale,1,1,1
vic,1,25,MERCER RD,,,ARMADALE,3143,UN,,,29/04/2017,,Jellis Craig Armadale,3,2,3
vic,6,581,ORRONG RD,,,ARMADALE,3143,UN,,,29/04/2017,,Marshall White One - Armadale,1,1,
vic,6,15,DENBIGH RD,,,ARMADALE,3143,UN,,,29/04/2017,,"hockingstuart - Armadale, Prahran, Malvern",2,1,1
vic,,3,FEDERATION ST,,,ASCOT VALE,3032,HO,,,29/04/2017,,Brad Teal Ascot Vale,2,1,1
vic,,35,BROWN AV,,,ASCOT VALE,3032,HO,,,29/04/2017,,JELLIS CRAIG KENSINGTON,3,2,4
vic,5,13,MUNRO ST,,,ASCOT VALE,3032,UN,,,29/04/2017,,Maddison Estate Agents - Ascot Vale,2,1,2
vic,,40,KENT ST,,,ASCOT VALE,3032,HO,,,29/04/2017,,Alex Karbon Real Estate,4,3,
vic,,11,POULTER ST,,,ASHBURTON,3147,HO,,,29/04/2017,,Buxton Ashburton,4,2,2
vic,,7,ORFORD RD,,,ASHBURTON,3147,HO,,,29/04/2017,,Fletchers Real Estate,3,3,2
vic,,37,JINGELLA AV,,,ASHWOOD,3147,HO,,,29/04/2017,,Buxton Ashburton,3,1,
vic,6,25,SHAW ST,,,ASHWOOD,3147,UN,,,29/04/2017,,Buxton Ashburton,2,1,1
vic,1,2,EDMONDS AV,,,ASHWOOD,3147,UN,,,29/04/2017,,Buxton Ashburton,3,2,
vic,,2,IDEAL AV,,,ASPENDALE,3195,HO,,,29/04/2017,,GREG HOCKING POULIOS,4,2,
vic,2,50,NEPEAN HWY,,,ASPENDALE,3195,UN,,,29/04/2017,,HOCKINGSTUART MENTONE,2,1,1
vic,,81,TARONGO DR,,,ASPENDALE,3195,HO,,,29/04/2017,,Biggin Scott Aspendale,3,2,
vic,1,11,EULINGA AV,,,ASPENDALE,3195,UN,,,29/04/2017,,Ray White Real Estate Chelsea,4,3,2
vic,,59,HADDON HALL DR,,,ATTWOOD,3049,HO,,,29/04/2017,,BARRY PLANT,4,2,2
vic,,31,LAURA GV,,,AVONDALE HEIGHTS,3034,CO,,,29/04/2017,,Moonee Valley Real Estate,,,
vic,,30,LORGROVE CT,,,AVONDALE HEIGHTS,3034,HO,,,29/04/2017,,Nelson Alexander Real Estate,4,3,
vic,,1,DRAKE CT,,,AVONDALE HEIGHTS,3034,HO,,,29/04/2017,,Sweeney Real Estate Yarraville,3,1,5
vic,,21,RHONDA ST,,,AVONDALE HEIGHTS,3034,HO,,,29/04/2017,,Moonee Valley Real Estate,3,1,3
vic,,14,MOUNTAIN VIEW AV,,,AVONDALE HEIGHTS,3034,HO,,,29/04/2017,,HARCOURTS VISION,3,1,
vic,2,4,SOMERS CT,,,AVONDALE HEIGHTS,3034,UN,,,30/04/2017,,HARCOURTS VISION,3,2,
vic,,8,FAIRWAY CR,,,BACCHUS MARSH,3340,LA,,,29/04/2017,,First National Real Estate Lakes -,,,
vic,11,54,BALSTON ST,,,BALACLAVA,3183,UN,,,29/04/2017,,Biggin & Scott Real Estate Prahan,1,1,1
vic,,37,BLENHEIM ST,,,BALACLAVA,3183,HO,,,30/04/2017,,GARY PEER & ASSOCIATES CAULFIELD NORTH / ST KILDA / CARNEGIE,5,3,1
vic,17,305,CARLISLE ST,,,BALACLAVA,3183,UN,,,29/04/2017,,Biggin Scott St Kilda,2,1,1
vic,5,171,HOTHAM ST,,,BALACLAVA,3183,UN,,,29/04/2017,,Hocking Stuart St Kilda,2,1,
vic,2,31,ORANGE GV,,,BALACLAVA,3183,UN,,,29/04/2017,,Hocking Stuart St Kilda,1,1,
vic,,215,MAIR ST,,,BALLARAT,3350,CO,,,28/04/2017,,Colliers International,,,
vic,,7,KENT ST,,,BALLARAT CENTRAL,3350,HO,,,29/04/2017,,BUXTON BALLARAT,3,1,2
vic,,215,MAIR ST,,,BALLARAT CENTRAL,3350,CO,,,28/04/2017,,Colliers International Ballarat,,,
vic,,8,GRANT AV,,,BALWYN,3103,HO,,,29/04/2017,,Jellis Craig Real Estate Balwyn,3,2,
vic,,45,FREDERICK ST,,,BALWYN,3103,HO,,,29/04/2017,,NICK JOHNSTONE,2,1,2
vic,,2A,PORTER RD,,,BALWYN,3103,HO,,,29/04/2017,,BUXTON CAMBERWELL,3,2,
vic,,20,HIGHLAND AV,,,BALWYN,3103,HO,,,29/04/2017,,Mega City Real Estate Pty Ltd,6,2,
vic,,5,JASON CT,,,BALWYN NORTH,3104,HO,,,29/04/2017,,BARRY PLANT IVANHOE,4,3,2
vic,,16,VENTNOR ST,,,BALWYN NORTH,3104,HO,,,29/04/2017,,Marshall White Boroondara,4,3,2
vic,,215,DONCASTER RD,,,BALWYN NORTH,3104,HO,,,29/04/2017,,Hocking Stuart Balwyn / Hawthorn,3,,
vic,,5,JOCELYN AV,,,BALWYN NORTH,3104,HO,,,29/04/2017,,Noel Jones Real Estate Balwyn,3,1,2
vic,,6,COOGEE CT,,,BARWON HEADS,3227,LA,,,29/04/2017,,RT EDGAR BARWON HEADS,,,
vic,,98B,CARR ST,,,BARWON HEADS,3227,HO,,,29/04/2017,,Bellarine Property Barwon Heads,,,
vic,,12,PINDARI DR,,,BAYSWATER,3153,HO,,,29/04/2017,,PURPLEBRICKS VIC,4,3,2
vic,,564,MOUNTAIN HWY,,,BAYSWATER,3153,HO,,,29/04/2017,,SCHROEDER & WALLIS,3,3,1
vic,1,18,STUD RD,,,BAYSWATER,3153,UN,,,29/04/2017,,Ray White Real Estate Wantirna,2,1,2
vic,,18,DAPHNE CT,,,BAYSWATER,3153,HO,,,29/04/2017,,Biggin & Scott - Knox,4,2,
vic,,6,LIAM CCT,,,BEACONSFIELD,3807,HO,,,29/04/2017,,EVIEW GROUP SOUTH EAST,4,2,4
vic,,510,BALCOMBE RD,,,BEAUMARIS,3193,HO,,,29/04/2017,,Hocking Stuart,4,3,1
vic,,20,ROSSMITH AV,,,BEAUMARIS,3193,HO,,,29/04/2017,,MAITLAND GROUP,4,2,2
vic,,6,HIGH ST,,,BEAUMARIS,3193,HO,,,29/04/2017,,PROPERTY MATCHMAKER,4,2,2
vic,2,26,ALFRED ST,,,BEAUMARIS,3193,UN,,,29/04/2017,,BAYSIDE BEACHES REAL ESTATE PTY LTD,3,2,2
vic,,35,ANITA ST,,,BEAUMARIS,3193,HO,,,29/04/2017,,,4,3,2
vic,,13A,HARDINGE ST,,,BEAUMARIS,3193,HO,,,29/04/2017,,Buxton Real Estate Sandringham,4,3,
vic,,21,MARGATE ST,,,BEAUMARIS,3193,HO,,,29/04/2017,,BAYSIDE BEACHES REAL ESTATE PTY LTD,2,1,1
vic,,9A,POWYS DR,,,BEAUMARIS,3193,UN,,,29/04/2017,,Buxton Real Estate Sandringham,3,3,2
vic,,18,MARTIN ST,,,BELGRAVE,3160,HO,,,29/04/2017,,_HARCOURTS ESSENTIAL,4,2,2
vic,,30,MAPLE CR,,,BELL PARK,3215,HO,,,29/04/2017,,Harcourts North Geelong,3,1,1
vic,,23,JEDDA ST,,,BELL POST HILL,3215,HO,,,29/04/2017,,Harcourts North Geelong,4,1,
vic,,111,ANAKIE RD,,,BELL POST HILL,3215,HO,,,29/04/2017,,BUXTON NEWTOWN,3,1,2
vic,,24,ERNEST ST,,,BELL POST HILL,3215,HO,,,29/04/2017,,Buxton Geelong East,3,1,2
vic,,19,PLUNKETT ST,,,BELLFIELD,3081,HO,,,29/04/2017,,Barry Plant ivanhoe,3,3,1
vic,,19,STORK AV,,,BELMONT,3216,HO,,,29/04/2017,,Hayeswinckle Highton,3,1,
vic,,7,CARR ST,,,BELMONT,3216,HO,,,29/04/2017,,Hayeswinckle Highton,3,1,
vic,,7,VICTORIA TCE,,,BELMONT,3216,HO,,,29/04/2017,,,3,1,1
vic,3,24,PROSPECT AV,,,BELMONT,3216,HO,,,30/04/2017,,RAY WHITE HIGHTON,2,1,1
vic,,1,WHITE ST,,,BELMONT,3216,HO,,,29/04/2017,,Whitford Property Newtown,3,1,1
vic,,4,ETON RD,,,BELMONT,3216,HO,,,29/04/2017,,RAY WHITE HIGHTON,3,1,3
vic,,42,FRANCIS ST,,,BELMONT,3216,HO,,,29/04/2017,,NEWFANGLE NEWTOWN,3,1,3
vic,,8,FRANK ST,,,BELMONT,3216,HO,,,29/04/2017,,Maxwell Collins Geelong,3,1,1
vic,,5,GLYN ST,,,BELMONT,3216,HO,,,29/04/2017,,Hayeswinckle Highton,3,1,
vic,,12,TORQUAY RD,,,BELMONT,3216,HO,,,29/04/2017,,Buxton Geelong East,3,1,1
vic,,28,SOUTHDOWN CR,,,BELMONT,3216,HO,,,29/04/2017,,Buxton Highton,4,2,
vic,,57,WILLS ST,,,BENDIGO,3550,CO,,,28/04/2017,,Barry Plant Bendigo,,,
vic,,16,MCIVOR RD,,,BENDIGO,3550,HO,,,29/04/2017,,Tweed Sutherland Real Estate,3,1,1
vic,,104,VIOLET ST,,,BENDIGO,3550,HO,,,29/04/2017,,Dungey Carter Ketterer Bendigo,3,1,
vic,,8,EAGLEHAWK RD,,,BENDIGO,3550,HO,,,29/04/2017,,Dungey Carter Ketterer Bendigo,3,2,1
vic,,125,WATTLE ST,,,BENDIGO,3550,HO,,,29/04/2017,,Dungey Carter Ketterer Pty Ltd,4,2,
vic,,20,BENT ST,,,BENTLEIGH,3204,HO,,,29/04/2017,,BRANON HAMPTON,4,2,2
vic,2,616,CENTRE RD,,,BENTLEIGH,3204,UN,,,29/04/2017,,Hocking Stuart Real Estate Bentleigh,2,1,
vic,,52A,TUCKER RD,,,BENTLEIGH,3204,HO,,,29/04/2017,,Buxton Real Estate Bentleigh,2,1,
vic,13,22,SOUTH AV,,,BENTLEIGH,3204,UN,,,29/04/2017,,Buxton Real Estate Hampton East,3,2,2
vic,,68,MAWBY RD,,,BENTLEIGH EAST,3165,HO,,,29/04/2017,,Buxton Real Estate Bentleigh,3,1,2
vic,2,16,ARGYLE ST,,,BENTLEIGH EAST,3165,UN,,,29/04/2017,,HOCKINGSTUART BENTLEIGH,2,1,1
vic,,33,BRADY RD,,,BENTLEIGH EAST,3165,UN,,,29/04/2017,,Buxton Real Estate Bentleigh,3,2,2
vic,,978,NORTH RD,,,BENTLEIGH EAST,3165,HO,,,29/04/2017,,Ray White Carnegie,3,2,2
vic,,15,LILAC ST,,,BENTLEIGH EAST,3165,HO,,,29/04/2017,,Woodards Real Estate Bentleigh,4,1,2
vic,,4,BOX CT,,,BENTLEIGH EAST,3165,HO,,,29/04/2017,,Buxton Real Estate Bentleigh,3,1,
vic,2,10,CHESTER ST,,,BENTLEIGH EAST,3165,UN,,,29/04/2017,,Woodards Real Estate Bentleigh,3,1,
vic,,13,DELMA ST,,,BENTLEIGH EAST,3165,HO,,,29/04/2017,,Buxton Real Estate Bentleigh,3,1,2
vic,,76,WINGATE ST,,,BENTLEIGH EAST,3165,HO,,,29/04/2017,,Buxton Real Estate Bentleigh,3,3,1
vic,,68,TAMBET ST,,,BENTLEIGH EAST,3165,HO,,,29/04/2017,,HOCKINGSTUART BENTLEIGH,3,1,1
vic,,16B,DENVER ST,,,BENTLEIGH EAST,3165,HO,,,29/04/2017,,Buxton Real Estate Bentleigh,4,3,
vic,1,33,BRADY RD,,,BENTLEIGH EAST,3165,UN,,,29/04/2017,,Buxton Real Estate Bentleigh,3,2,2
vic,1,27,SCHULZ ST,,,BENTLEIGH EAST,3165,UN,,,29/04/2017,,Buxton Real Estate Bentleigh,3,1,
vic,,12A,CELIA ST,,,BENTLEIGH EAST,3165,UN,,,29/04/2017,,Ray White Cheltenham,3,2,2
vic,,10,BUXTON MWS,,,BERWICK,3806,HO,,,29/04/2017,,BARRY PLANT BERWICK,5,2,2
vic,,66,MOONDARRA DR,,,BERWICK,3806,HO,,,29/04/2017,,HARCOURTS BERWICK,4,2,3
vic,,69,BRISBANE ST,,,BERWICK,3806,HO,,,29/04/2017,,CENTURY 21 Preferred,4,2,2
vic,1,52,GARDINER ST,,,BERWICK,3806,UN,,,29/04/2017,,Purplebricks - Victoria,3,2,2
vic,,6E,MCEDWARD ST,,,BIRDWOODTON,3505,HO,,,28/04/2017,,FIRST NATIONAL REAL ESTATE COLLIE & TIERNEY,,,
vic,2,21,PORTSMOUTH RD,,,BITTERN,3918,UN,,,29/04/2017,,Harcourts Hastings,3,2,
vic,,16,THE RIDGE,,,BLACKBURN,3130,HO,,,29/04/2017,,Bekdon Richards - Hawthorn,4,2,2
vic,,78,BLACKBURN RD,,,BLACKBURN,3130,HO,,,29/04/2017,,Woodards Real Estate,,,
vic,,6,LEONS CT,,,BLACKBURN,3130,HO,,,29/04/2017,,Fletchers Blackburn,5,3,2
vic,,27,DIXON GV,,,BLACKBURN,3130,HO,,,29/04/2017,,Noel Jones Real Estate Blackburn,4,2,
vic,,10,ELLISON ST,,,BLACKBURN,3130,HO,,,29/04/2017,,Woodards Real Estate Blackburn,3,1,1
vic,,12,GLEN EBOR AV,,,BLACKBURN,3130,HO,,,29/04/2017,,Noel Jones Real Estate Blackburn,5,2,
vic,,2,TERRACOTTA DR,,,BLACKBURN,3130,CO,,,27/04/2017,,Cameron Real Estate,,,
vic,,43,CAROLINE CR,,,BLACKBURN NORTH,3130,HO,,,29/04/2017,,Fletchers Real Estate,4,2,
vic,,73,SURREY RD,,,BLACKBURN NORTH,3130,UN,,,29/04/2017,,Noel Jones Real Estate Blackburn,3,2,2
vic,,27,SANDGATE RD,,,BLACKBURN SOUTH,3130,HO,,,29/04/2017,,Harcourts Judd White,5,4,2
vic,,5,LANA ST,,,BLACKBURN SOUTH,3130,HO,,,29/04/2017,,Noel Jones Real Estate Box Hill,3,1,
vic,,22,CRAIG ST,,,BLACKBURN SOUTH,3130,HO,,,29/04/2017,,Woodards Real Estate,,,
vic,,6,HIGHFIELD AV,,,BLACKBURN SOUTH,3130,HO,,,29/04/2017,,Noel Jones Real Estate Blackburn,3,1,
vic,,48,ADELAIDE ST,,,BLAIRGOWRIE,3942,HO,,,29/04/2017,,Real Estate Alliance Victoria,4,2,4
vic,,14,MANLEY CT,,,BLAIRGOWRIE,3942,HO,,,30/04/2017,,Jellis Craig - Sorrento,3,2,3
vic,5,46,YORK ST,,,BONBEACH,3196,UN,,,29/04/2017,,EVIEW GROUP CHELSEA,3,1,1
vic,7,15,HARDING AV,,,BONBEACH,3196,UN,,,29/04/2017,,EVIEW GROUP,2,1,1
vic,3,5,NARCISSUS AV,,,BORONIA,3155,UN,,,25/04/2017,,BARRY PLANT WANTIRNA,2,2,
vic,,15,STANDARD AV,,,BOX HILL,3128,HO,,,29/04/2017,,HOCKINGSTUART BALWYN & HAWTHORN,3,1,1
vic,,893A,CANTERBURY RD,,,BOX HILL,3128,CO,,,26/04/2017,,CUSHMAN & WAKEFIELD MELBOURNE,,,
vic,,9,CLYDESDALE ST,,,BOX HILL,3128,HO,,,29/04/2017,,Woodards Real Estate Blackburn,3,1,2
vic,1,98,CARRINGTON RD,,,BOX HILL,3128,UN,,,29/04/2017,,,1,1,1
vic,,4,PATRICK ST,,,BOX HILL NORTH,3129,HO,,,29/04/2017,,Buxton Box Hill,4,3,2
vic,,68,HEATHFIELD RISE,,,BOX HILL NORTH,3129,HO,,,29/04/2017,,Buxton Box Hill,3,2,2
vic,2,13,LORAINE AV,,,BOX HILL NORTH,3129,UN,,,29/04/2017,,Fletchers Blackburn,3,2,2
vic,3,63,TYNE ST,,,BOX HILL NORTH,3129,CO,,,29/04/2017,,Noel Jones Real Estate Box Hill,,,
vic,,21,HAMEL ST,,,BOX HILL SOUTH,3128,HO,,,29/04/2017,,Barry Plant Blackburn,2,1,
vic,,5,JELLICOE ST,,,BOX HILL SOUTH,3128,HO,,,29/04/2017,,McGrath Estate Agents ,4,1,
vic,,42,TARNARD DR,,,BRAESIDE,3195,CO,,,26/04/2017,,Tsimos Commercial - Cheltenham,,,
vic,,30,SHEPHERD ST,,,BRAYBROOK,3019,HO,,,29/04/2017,,Village Real Estate - Seddon,3,1,2
vic,5,12,MARGARET CR,,,BRAYBROOK,3019,UN,,,29/04/2017,,Biggin & Scott Real Estate Yarraville,1,1,
vic,12,25,MARNOO ST,,,BRAYBROOK,3019,UN,,,29/04/2017,,Barry Plant sunshine,3,1,1
vic,,5,KENNETH ST,,,BRAYBROOK,3019,LA,,,29/04/2017,,Sweeney Real Estate Sunshine,,,
vic,,11,VINE ST,,,BRAYBROOK,3019,HO,,,29/04/2017,,Barry Plant sunshine,3,1,
vic,,2,WILSON ST,,,BRAYBROOK,3019,HO,,,29/04/2017,,Barry Plant sunshine,3,1,1
vic,,124,ST HELENA RD,,,BRIAR HILL,3088,HO,,,29/04/2017,,Ray White Bundoora,3,2,1
vic,1,110,ST HELENA RD,,,BRIAR HILL,3088,UN,,,29/04/2017,,Ray White Plenty,3,2,2
vic,3,30,GROSVENOR ST,,,BRIGHTON,3186,UN,,,29/04/2017,,Hodges Real Estate,4,3,2
vic,,3,ROSE ST,,,BRIGHTON,3186,HO,,,29/04/2017,,Hodges Real Estate Sandringham,2,1,
vic,7,36,UNION ST,,,BRIGHTON EAST,3187,UN,,,29/04/2017,,Gary Peer and Associates Real Estate Caulfield North,3,2,1
vic,,55,MILROY ST,,,BRIGHTON EAST,3187,HO,,,29/04/2017,,Hodges - Caulfield,5,3,
vic,,196,WERE ST,,,BRIGHTON EAST,3187,LA,,,29/04/2017,,Buxton Real Estate Brighton,,,
vic,,7,HOLMHURST CT,,,BRIGHTON EAST,3187,HO,,,29/04/2017,,Hodges Real Estate Brighton,4,3,
vic,,18,RODITIS AV,,,BROADFORD,3658,HO,,,29/04/2017,,L J Hooker Real Estate Broadford,4,2,8
vic,,64,CUTHBERT ST,,,BROADMEADOWS,3047,HO,,,29/04/2017,,@REALTY,3,1,4
vic,,56,JACANA AV,,,BROADMEADOWS,3047,HO,,,29/04/2017,,ypa estate agents Glenroy,3,1,2
vic,,105,WARANGA CR,,,BROADMEADOWS,3047,HO,,,29/04/2017,,BARRY PLANT,3,1,
vic,,6,BITTERN ST,,,BROADMEADOWS,3047,HO,,,29/04/2017,,YPA GLADSTONE PARK,3,1,1
vic,,18,FASHION PDE,,,BROADMEADOWS,3047,HO,,,29/04/2017,,Brad Teal Real Estate Pascoe Vale,3,2,
vic,,108,KITCHENER ST,,,BROADMEADOWS,3047,HO,,,29/04/2017,,,3,1,2
vic,,5,OXLEY CT,,,BROADMEADOWS,3047,HO,,,29/04/2017,,ypa estate agents Glenroy,3,1,
vic,,2,KING WILLIAM ST,,,BROADMEADOWS,3047,LA,,,27/04/2017,,CB Richard Ellis,,,
vic,,6,MILLERS RD,,,BROOKLYN,3012,HO,,,29/04/2017,,Hocking Stuart Real Estate Altona,2,1,
vic,12,36,PEARSON ST,,,BRUNSWICK,3056,UN,,,29/04/2017,,BARRY PLANT COBURG / BRUNSWICK / PASCOE VALE,2,1,1
vic,,9,GOODMAN ST,,,BRUNSWICK,3056,HO,,,29/04/2017,,Woodards Real Estate Carlton,2,1,
vic,,11,GARNET ST,,,BRUNSWICK,3056,HO,,,29/04/2017,,JELLIS CRAIG BRUNSWICK,3,1,
vic,,239,VICTORIA ST,,,BRUNSWICK,3056,HO,,,29/04/2017,,Nelson Alexander Real Estate,3,2,2
vic,10,149,GLENLYON RD,,,BRUNSWICK,3056,UN,,,29/04/2017,,Jellis Craig - Brunswick,1,1,
vic,,36,BRICKWORKS DR,,,BRUNSWICK,3056,HO,,,29/04/2017,,BIGGIN SCOTT BRUNSWICK,3,2,1
vic,,251,ALBION ST,,,BRUNSWICK,3056,HO,,,29/04/2017,,brad teal brunswick,4,2,
vic,26,45,DE CARLE ST,,,BRUNSWICK,3056,UN,,,29/04/2017,,JELLIS CRAIG BRUNSWICK,2,1,1
vic,,359,ALBERT ST,,,BRUNSWICK,3056,CO,,,27/04/2017,,Nicholson Brunswick,,,
vic,16,195,BRUNSWICK RD,,,BRUNSWICK,3056,UN,,,29/04/2017,,Woodards Real Estate Carlton,2,1,2
vic,,32,CLARKE ST,,,BRUNSWICK EAST,3057,HO,,,29/04/2017,,Nelson Alexander Real Estate,2,1,
vic,109,457,LYGON ST,,,BRUNSWICK EAST,3057,UN,,,29/04/2017,,Nicholson First National Real Estate,2,1,1
vic,209,457,LYGON ST,,,BRUNSWICK EAST,3057,UN,,,29/04/2017,,Nicholson First National Real Estate,2,2,
vic,106,457,LYGON ST,,,BRUNSWICK EAST,3057,UN,,,29/04/2017,,Nicholson First National Real Estate,2,2,1
vic,8,206,LYGON ST,,,BRUNSWICK EAST,3057,UN,,,29/04/2017,,Nelson Alexander Real Estate Brunswick,2,2,
vic,4,13,LARNOO AV,,,BRUNSWICK WEST,3055,UN,,,29/04/2017,,Nelson Alexander Real Estate Brunswick,1,1,1
vic,,507,BRUNSWICK RD,,,BRUNSWICK WEST,3055,HO,,,29/04/2017,,Nelson Alexander Real Estate Brunswick,3,1,
vic,,141,PEARSON ST,,,BRUNSWICK WEST,3055,HO,,,29/04/2017,,Nelson Alexander Real Estate,4,2,
vic,9,380,BRUNSWICK RD,,,BRUNSWICK WEST,3055,UN,,,29/04/2017,,Hocking Stuart Yarraville,2,1,1
vic,6,4A,DUGGAN ST,,,BRUNSWICK WEST,3055,UN,,,29/04/2017,,Philip Giarracca & Company,3,2,2
vic,4,17,HOWSON ST,,,BRUNSWICK WEST,3055,UN,,,29/04/2017,,Jellis Craig - Brunswick,2,1,1
vic,,39,GRANT OLSON AV,,,BULLEEN,3105,HO,,,29/04/2017,,JELLIS CRAIG DONCASTER,4,3,
vic,,38,MANNINGHAM RD,,,BULLEEN,3105,UN,,,27/04/2017,,CB Richard Ellis,,,
vic,,12,MONTGOMERY PL,,,BULLEEN,3105,HO,,,29/04/2017,,Frederick Property - CAMBERWELL,3,1,2
vic,,38,NIRVANA CR,,,BULLEEN,3105,HO,,,29/04/2017,,Fletchers Manningham,3,1,2
vic,,3,WESTMINSTER AV,,,BULLEEN,3105,HO,,,29/04/2017,,Barry Plant Doncaster East,4,2,2
vic,38,40,MANNINGHAM RD,,,BULLEEN,3105,CO,,,27/04/2017,,CBRE - Melbourne,,,
vic,,390,BULN BULN RD,,,BULN BULN,3821,HO,,,29/04/2017,,O'Brien Real Estate -  DROUIN,2,1,
vic,,2,JACQUELINE RD,,,BUNDOORA,3083,HO,,,29/04/2017,,Barry Plant Bundoora,3,1,1
vic,,23,GREENHILLS RD,,,BUNDOORA,3083,HO,,,29/04/2017,,Buckingham & Company Estate Agents Greensborough,5,3,20
vic,,14,BOADLE RD,,,BUNDOORA,3083,HO,,,29/04/2017,,Barry Plant Bundoora,4,2,
vic,,3,EDRO CT,,,BUNDOORA,3083,HO,,,29/04/2017,,Darren Jones Real Estate Greensborough,3,1,
vic,,12,FIFER RISE,,,BUNDOORA,3083,HO,,,29/04/2017,,Ray White Real Estate Bundoora,3,2,
vic,,146,GREENHILLS RD,,,BUNDOORA,3083,HO,,,29/04/2017,,Ray White Bundoora,4,2,2
vic,,2,HAVELOCK AV,,,BUNDOORA,3083,HO,,,29/04/2017,,Ray White Bundoora,3,1,1
vic,,34,HERMITAGE CR,,,BUNDOORA,3083,HO,,,29/04/2017,,Ray White Bundoora,5,3,2
vic,,7,HILLVIEW CT,,,BUNDOORA,3083,HO,,,29/04/2017,,BARRY PLANT ROSANNA,4,3,
vic,,106,HOLT PDE,,,BUNDOORA,3083,HO,,,29/04/2017,,Barry Plant Bundoora,3,1,
vic,,12,NOLAN CL,,,BUNDOORA,3083,HO,,,29/04/2017,,Barry Plant Bundoora,4,2,2
vic,,7,HILL VIEW CT,,,BUNDOORA,3083,HO,,,29/04/2017,,Barry Plant Rosanna,4,3,2
vic,,8,PRISCILLA ST,,,BURNSIDE HEIGHTS,3023,HO,,,26/04/2017,,Ray White Real Estate Taylors Lakes,,,
vic,,46,CUMMING ST,,,BURWOOD,3125,HO,,,29/04/2017,,McGrath - WAVERLEY,4,2,
vic,,49,PEACOCK ST,,,BURWOOD,3125,HO,,,29/04/2017,,BUXTON CAMBERWELL,3,2,
vic,3,9,CROMWELL ST,,,BURWOOD,3125,UN,,,29/04/2017,,Harcourts Box Hill TSL,3,1,2
vic,,4,IAN GV,,,BURWOOD,3125,HO,,,29/04/2017,,Elite Real Estate Melbourne,7,3,1
vic,,19,PEARCE ST,,,BURWOOD,3125,HO,,,29/04/2017,,BUXTON CAMBERWELL,5,1,2
vic,2,11,AYLWIN AV,,,BURWOOD,3125,UN,,,29/04/2017,,Noel Jones Real Estate Camberwell,2,2,
vic,3,380,BURWOOD HWY,,,BURWOOD,3125,UN,,,29/04/2017,,new century real estate,2,1,
vic,,71,BENWERRIN DR,,,BURWOOD EAST,3151,HO,,,29/04/2017,,Fletchers Real Estate,4,1,
vic,,19,CARVER ST,,,BURWOOD EAST,3151,HO,,,29/04/2017,,JELLIS CRAIG DONCASTER,4,2,2
vic,,1,MELBA CT,,,BURWOOD EAST,3151,HO,,,29/04/2017,,Woodards Real Estate Blackburn,3,1,1
vic,,20,SANDOWEN AV,,,BURWOOD EAST,3151,HO,,,29/04/2017,,Ray White Real Estate Glen Waverley,4,2,2
